video_id,title,source_url,duration_seconds,upload_date,description,error
g7kiN5RDWfA,Moong dal khichdi Recipe | Bengali Khichdi recipe | No onion Garlic Khichdi Recipe | Khichdi Kabita,https://www.youtube.com/watch?v=g7kiN5RDWfA,360,20260711,"#kabitaskitchen #bengalikhichdi #moongdalkhichdirecipe 

Preparation time - 45 minutes
Serving - 5

Ingredients:
Rice - 1 cup
Moong dal - 1cup
Ginger (grated)-  1tbsp
Potato - 3
Cauliflower - 1 cup
Green peas - 1/4 cup
Bay leave - 2
Cloves - 6
Dry red chillies - 5
Green chilli - 3
Green cardamom - 3
Cinnamon stick - 2 inch
Mustard oil - 1/4 cup
Ghee -1 tbsp


Moong dal khichdi Recipe, Bengali Khichdi recipe, No onion Garlic Khichdi Recipe, khichdi recipe, healthy khichdi recipe, how to make bengali khichdi, bhoger khichuri recipe, how to make khichdi without cooker",
5A5gGdmEtPw,Cafe style Corn Cheese Ball Recipe | कॉर्न चीज़ बॉल कैसे बनाते है | Cheese Ball recipe Kabitaskitchen,https://www.youtube.com/watch?v=5A5gGdmEtPw,461,20260709,"#corncheeseballs #kabitaskitchen #cheeseballrecipe 

Preparation time - 30 mins
Serving - 4

Ingredients:
Boiled potatoes - 2
Boiled corn - 1/2 cup
Onion - 1/4 cup
Capsicum - 1/4 cup
Green chilli - 1 tsp
Corn flour - 2 tbsp
Oregano - 1 tsp
Chilli flakes - 1 tsp
Mozzarella cheese - 1/4 cup
Corn flour - 2 tbsp
Maida - 2 tbsp
Black pepper powder - 1/4 tsp
Salt to taste 
Cooking oil to fry

corn cheese balls recipe, cheese ball recipe, kabitaskitchen, Cafe style Corn Cheese Ball Recipe, कॉर्न चीज़ बॉल कैसे बनाते है, Cheese Ball recipe Kabitaskitchen",
j_56l9GiPS0,बिहारी सरसों वाली सहजन की सब्ज़ी | Drumstick Curry recipe | Best Drumstick recipe | Kabitaskitchen,https://www.youtube.com/watch?v=j_56l9GiPS0,217,20260707,"#sarsowalisahjan #drumsrickcurry #kabitaskitchen 

Preparation time - 40 mins
Serving - 4

Ingredients:
Drumstick - 400 grams
Potato - 2
Tomato - 2
Garlic cloves - 15 to 17
Yellow mustard -1 tbsp
Brown mustard -1 tbsp
Dry red chilli or green chilli - 4
Turmeric powder - 1/2 tsp
Chilli powder - 1 tsp (optional)
Cooking oil - 6 tbsp
Salt to taste



बिहारी सरसो वाली सहजन की सब्ज़ी, drumstick curry recipe, how to make drumstick , shevga che bhaji, bihari style sahjan ki sabzi, sahjan ki sabzi, kabitaskitchen",
9-XCKL2rDho,No Bake Biscoff Cheese Cake Recipe | No Bake cheesecake recipe | Biscoff Cheesecake Recipe kabita,https://www.youtube.com/watch?v=9-XCKL2rDho,408,20260704,"#kabitaskitchen #biscoffcheesecake #nobakecheesecakerecipe #nobakebiscoffcheesecake

Ingredients :
Biscoff buiscuit - 2 packs
Cream cheese - 1 cup
Whipping cream - 1/2 cup
Caster sugar - 1/4 cup
Melted butter - 4 tbsp
Vanilla essence - 1/2 tsp
Biscoff spread - 1 cup


No Bake Biscoff Cheese Cake Recipe, No Bake cheesecake recipe, Biscoff Cheesecake Recipe kabita, easy cheesecake recipe, no bake cheesecake recipe, best cake recipe, how to make biscoff cheesecake, step by step cheesecake recipe, kabitaskitchen recipe, cheesecake recipe by kabitaskitchen, Biscoff Cheesecake Recipe kabita,  No Bake cheesecake recipe",
QocBnVuN5Pw,लौकी का हेल्दी नाश्ता जो बच्चो के टिफन के लिए परफेक्ट | Louki ka Nashta | Healthy Tiffin by Kabita,https://www.youtube.com/watch?v=QocBnVuN5Pw,425,20260702,"#loukikanastha #healthybreakfastrecipe #kabitaskitchen 


Preparation time - 30 mins
Serving - 3


Ingredients :
Sooji - 1 cup
Grated lauki - 1 cup
Water - 3/4 cup
Curd - 1/2 cup
Onion - 1/4 cup
Capsicum - 1/4 cup
Green chilli - 2 tbsp
Curry leaves - 1 tbsp
Mustard seeds - 1 tsp
Baking soda - 1/8 tsp
Oil for shallow fry
Salt to taste


Louki ka nasta, easy breakfast recipe, louki handva recipe, kabitaskitchen recipe, kids giffin recipe, easy breakfast recipe, step by step mini uttapam recipe, लौकी का हेल्दी नाश्ता जो बच्चो के टिफन के लिए परफेक्ट, Lauki ka Nashta, Healthy Tiffin by Kabita",
8JwWbNi6lDk,"Bihari Thali recipe | चावल, अरहर की दाल, आलू भुजिया, बैंगन बड़ी की सब्ज़ी, बचका | Veg Thali Kabita",https://www.youtube.com/watch?v=8JwWbNi6lDk,858,20260630,"#vegthali #vegthalirecipe #biharithali #ksbitaskitchen

Preparation time :
Serving -  2 to 3

Ingredients: 
Sarso wali baingan wadi ki sabzi :
Chanadal wadi - 1/2 cup
Baingan - Half 
Aloo - 2 medium 
Tomato puree - 1 tomato
Yellow mustard seeds - 2 Tbsp
Coriander leaves - 2 tbsp
Cumin seeds - 1/2 tbsp
Coriander seeds - 1/2 tbsp
Garlic cloves - 10 to 12
Green chili - 2
Turmeric powder - 1/2 tsp
Water as required 
Oil for shallow fry 
Red chili powder - 1/2 tsp
Water as required 

Rice - 1 cup
Water - 1.75 cup

Aloo bhujiya :
Potato - 2 
Mustard oil - 2 tbsp
Cumin seeds - 1 tbsp
Dry red chili - 2
Turmeric powder - 1/3 tsp
Salt to taste 

Arhar dal :
Water - 1.5 glass
Dal - 1/2 cup
Onion - 1/2 cup
Tomato - 1/2 cup
Ghee - 1 tbsp
Garlic - 1 tsp
Cumin seeds - 1/2 tsp
Turmeric powder - 1/2 tsp
Hing - 1/4 tsp
Salt to taste 

For dal tadka :
Ghee - 1 tbsp
Dry red chili - 1 
Kashmiri red chili powder - 1/2 tsp

Bajka :
Oil for frying 
Besan - 1/2 cup
Lauki and baingan slices - 1/2 cup
Rice flour - 1 tbsp
Coriander leaves - 1 tbsp
Turmeric powder - 1/2 tsp
Red chili powder - 1/2 tsp
Salt to taste 
Water as required",
DVenIB29Q3U,My New Kitchen Tour | शूट के लिए Useful किचन कैसे बनाये | Kitchen Tour | Kabitaskitchen,https://www.youtube.com/watch?v=DVenIB29Q3U,280,20260625,"#KabitasKitchen #AmazonPrimeDay #KitchenTour #AmazonFinds #PrimeDayDeals #ModularKitchen 

My Ultimate Studio Kitchen Tour & Top Amazon Prime Day Picks! 🌟 KabitasKitchen Upgrade

Hey everyone, aap sabka swagat hai mere channel per! I recently upgraded my kitchen, sharing a short tour of my kitchen with all of you. With the Amazon Prime Day Sale here, it’s the perfect time to give your own kitchen a makeover!

Here are my top prime day picks for my kitchen—from highly useful appliances to must-have organization tools, all available at amazing discounts! Watch the video to see how I use them daily to make cooking easier and more fun.

Don't wait, add these favourites to your cart right now! 👇

🛍️ SHOP MY KITCHEN UPGRADE (Amazon Prime Day Deals!)
Must-Have Kitchen Gadgets & Appliances:

Philips Hand Mixer: https://aip.urlgeni.us/https://amzn.to/4eIppJS

Agaro Egg Boiler: https://aip.urlgeni.us/https://amzn.to/4vtxjho

Agaro Royal Mixer / Frother: https://aip.urlgeni.us/https://amzn.to/4etqqqn

Atom Weighing Scale: https://aip.urlgeni.us/https://amzn.to/4wdCpi1

Portable Mini Sealing Machine: https://aip.urlgeni.us/https://amzn.to/4vwnuzt

Ninja Combi Multicooker: https://aip.urlgeni.us/https://amzn.to/4oJ78AO

Built In Microwave Elica Microwave: https://aip.urlgeni.us/https://amzn.to/43Vbond

Built in Elica Oven: https://aip.urlgeni.us/https://amzn.to/4xN3QAG

Carysil Quartz Kitchen Sink: https://aip.urlgeni.us/https://amzn.to/44dVRPL

Kairos 7Pcs Kitchen Knife Set: https://aip.urlgeni.us/https://amzn.to/4f4LQtd

CLASSY TOUCH Bamboo Cooking Spatula Set: https://aip.urlgeni.us/https://amzn.to/4xNYeGa

Kundi Rustic Wood Spice Rack Shelf: https://aip.urlgeni.us/https://amzn.to/4oOAVs3

Modular kitchen tour, modern kitchen transformation, Amazon kitchen items, best kitchen gadgets on Amazon, kitchen tools and equipment, Amazon modular kitchen haul, Indian kitchen tour, aesthetic kitchen decoration ideas, essential cooking appliances, best oven and microwave for kitchen, how to organize a small kitchen, शूट के लिए Useful किचन कैसे बनाये, My New Kitchen Tour, Kitchen Tour",
ujIjtx2usYo,१० मिनट में एकदम ठेले जैसा तीखा चटपटा मसाला पाव | Masala Pav Recipe | Masala Pav by Kabitaskitchen,https://www.youtube.com/watch?v=ujIjtx2usYo,325,20260623,"#masalapav #cheesemasalapav #mumbaistreetfood #kabitaskitchen 


Preparation time - 30 mins
Serving - 5 to 6

Ingredients :
Pav - 6
Onion - 1 cup
Tomato - 2 
Capsicum - 1
Cheese slice - 2
Peanut - 1 tbsp
Oil - 4 tbsp
Coriander leaves - 2 tbsp
Ginger garlic paste - 1.5 tbsp
Schezwan chutney - 1 tbsp
Green chilli - 4 to 5
Butter - 1 tbsp
Cumin seeds - 1 tsp
Turmeric powder - 1/2 tsp
Pav bhaji masala - 1 tsp
Kashmiri Red chilli powder - 1 tsp
Salt to taste
Aloo bhujiya for garnish

बरसात में बनाये तीखा चटपटा मसाला पाव, Street Style Masala Pav, रिमझिम बारिश में बनाये तीखा चटपटा मसाला पाव, how to make masala pav, street food recipe, mumbai street food, kabitaskitchen masala pav recipe",
O_fpa5Z41fE,एक साल के लिए आम का अचार कैसे बनाए | Aam Ka achar recipe | कैबिटास्किचें,https://www.youtube.com/watch?v=O_fpa5Z41fE,492,20260620,"#mangopickle #aamkaacharrecipe #aamkaachar #kabitaskitchen 

Ingredients:
Raw Mango - 3 kg
Mustard seeds - 1/2 cup
Fennel seeds - 1/3 cup
Cumin seeds - 1/4 cup
Fenugreek seeds - 2 tbsp
Mustard oil - 1/2 litre. or 2 cups
Turmeric powder - 1/4 tsp
Kashmiri chilli powder - 1/2 cup
Salt to taste or 1/4 cup
Asafoetida (hing)-1 tbsp
Nigella seeds - 2 tbsp
carom seeds -2 tbsp
Vinegar -1/2 cup

बारिश के पहले आम का अचार एक साल के लिए ऐसे बना लेती हू , aam ka achar, आम का असली अचार कैसे बनाते है, mango  pickle recipe, how to make Mango pickle, traditional mix achar,  aam ka achar, आम का अचार, authentic best pickle recipe, step by step mix mango pickle recipe, green mango pickle, aam Achar, kacche mango ka achar, pickle recipe by kabitaskitchen, lahsun hari mirch ka achar, garlic pickle,  Indian pickle recipe, आम का अचार का सबसे आसान अचार,बारिश के पहले ये सब तैयारी करके रखती हू, बारिश के पहले एक साल के लिए आम का अचार बनाया मैंने",
I6IhaKgntrE,बिना अंडा बटर और मैदा के चॉकलेट कपकेक | Heathy chocolate cake | Chocolate Cupcake recipe | Kabita,https://www.youtube.com/watch?v=I6IhaKgntrE,250,20260618,"#kabitaskitchen #cakerecipe #cupcake #healthycakerecipe 

Preparation time - 15 minute 
Baking time - 20 minute
 
Ingredients :
Whole wheat flour - 1 cup
Milk - 1.25 cup
Sugar - 3/4 cup
Milk powder - 1/2 cup
Ghee - 2 Tbsp
Coco powder - 1/4 cup
Baking powder - 1 tsp
Baking soda - 1/2 tsp
Vanilla essence - 1 tsp
Salt - 1/8 tsp

How to bake cake , cake recipe , cup cake recipes , whole wheat flour cake, Chocochips cake , Healthy cup cake recipe, #kabitaskitchen",
LutmL5YKfX4,Maddur Vada recipe | कर्नाटक का फेमस वड़ा | Karnataka famous Maddur Vada recipe | Kabitaskitchen,https://www.youtube.com/watch?v=LutmL5YKfX4,234,20260616,"#maddurvade #monsoonspecial #kabitaskitchen 

Preparation time - 30 minutes
Serving - 4

Ingredients :
Rice flour - 1 cup
Sooji - 1/2 cup
Roasted peanut - 1/2 cup
Maida - 1/4 cup
Onion - 1/4 cup
Oil - 3 to 4 Tbsp
Water as required 
Coriander leaves - 2 tbsp
Green chili - 3 to 4
Ginger - 2 inch
Curry leaves - 1 tbsp
Red chili powder - 1/2 tsp
Coriander powder - 1/2 tsp
Hing - 1/3 tsp
Salt to taste
Cooking oil for frying

Maddur vada recipe, kabitaskitchen recipe, how to make vada, how to make sooji vada, easy monsoon recipe, rice vada recipe, best monsoon recipe, karnataka famous maddur vada, step by step maddur vada recipe, kabitaskitchen maddur vada recipe, Maddur Vada recipe, कर्नाटक का फेमस वड़ा,  Karnataka famous Maddur Vada recipe, Kabitaskitchen",
1fk3o3zwG3g,जब सब्जिया ख़त्म हो जाती है तब पति का फेवरेट खाना बनता है | Easy Dinner Recipe | Kabitaskitchen,https://www.youtube.com/watch?v=1fk3o3zwG3g,282,20260614,"#dinnerideas #kabitaskitchen 

Preparation time - 30 mins
Serving - 4

Ingredients:
Onion - 4
Capsicum - 3
Curd - 1/4 cup
Cumin seeds - 1 tsp
Turmeric powder -1/2 tsp
Cumin powder - 1/2 tsp
Coriander powder - 1/2 tsp
Garam masala - 1/2 tsp
Black pepper powder -1/4 tsp
Red chilli powder - 1 tsp
Cooking oil - 2 tbsp
Salt to taste

Tikona Paratha :
Wheat flour - 2 cups
Ghee - 4 tbsp
Water

जब सब्जिया ख़त्म हो जाती है तब पति का फेवरेट खाना बनता है,",
1z-pkcmL3tg,Oreo Mango Custard Recipe | इसे खाकर मेहमान भी तारीफ करेंगे | Mango Dessert Recipe | Kabitaskitchen,https://www.youtube.com/watch?v=1z-pkcmL3tg,221,20260613,"#kabitaskitchen #oreo #oreodesserts #mangodessert 

Preparation time - 30 mins
Serving - 4

Ingredients :
Milk - 1 litre
Mango Pulp - 1/2 cup
Mango chunks - 1/4 cup
Oreo buiscuit - 10
Custard powder - 2 tbsp
Sugar - 4 tbsp

Oreo Mango Custard Recipe, Mango Dessert Recipe, best mango recipe, kabitaskitchen dessert recipe, aam recipe, mango glass dessert recipe",
E5Lx2VE492s,Healthy fish Recipe | बिना मसाला 1 चम्मच तेल में हेल्दी फिश रेसिपी | Fish recipe | Kabitakitchen,https://www.youtube.com/watch?v=E5Lx2VE492s,154,20260611,"#fishfryrecipe #healthyrecipe #healthyeating #kabitaskitchen 

Preapartion time - 30 mins
Serving - 2

Ingredients :
Fish (bhetki or any ) - 4 pieces
Coriander leaves - 1 cup
Mint leaves - 1/4 cup
Curd - 2 tbsp
Garlic cloves - 15
Green chilli - 5
Ginger -1 inch
Mustard oil - 1/2 tsp (optional)
Lemon wedges 
Green chilli  (slited)
Salt to taste

Healthy Steamed Fish Recipe, Kabitaskitchen, २ बूँद तेल और बिना मसाला के हेल्दी फिश, fish paturi recipe, healthy fish recipe, zero oil fish recipe, kabitaskitchen fish recipe, how to make fish paturi, easy fish recipe, no masala fish recipe, Healthy Steamed Fish in Banana Leaf.",
Kv6PpNcsxwE,चीज़ पनीर कटलेट | Cheesy Paneer Cutlet recipe | Paneer Cutlet | Veg cutlet Recipe | Kabitaskitchen,https://www.youtube.com/watch?v=Kv6PpNcsxwE,321,20260609,"#paneercutletrecipe #vegcutlets #kabitaskitchen 

Preparation time - 30 minutes
Serving - 4

Ingredients :
Paneer - 200 grama
Cheese - 1/4 cup
Onion - 3 tbsp
Carrot - 2 tbsp
French beans - 2 tbsp
Cauliflower - 2 tbsp
Green peas - 2 tbsp
Mixed herbs -1 tbsp
Chilli flakes - 1 tbsp
Bread crumbs - 1 cup
Corn flour - 3 tbsp
All purpose flour - 3 tbsp
Cooking oil to fry 
Salt to taste

चीज़ पनीर कटलेट, Cheesy Paneer Cutlet recipe, Paneer Cutlet | Veg cutlet Recipe, Veg cutlet Recipe, veg cutlet kaise banate hai, veg party starter recipe, step by step veg cutlet recipe, how to make veg cutlet",
mYAeeEDZ92g,3 Healthy No Sugar Drinks for Kids Growth and Immunity | @GritzoIndia | Kabitaskitchen,https://www.youtube.com/watch?v=mYAeeEDZ92g,261,20260607,"Hey Everyone! Aaj ke video mein hum baat karenge baccho ki health, growth aur immunity ke baare mein. Parents hamesha aisi cheez dhoodte hain jo healthy bhi ho aur baccho ko tasty bhi lage. Isiliye aaj main share kar rahi hoon Gritzo SuperMilk Growth+ ka brand new 'Strawberry Swirl' flavour!

Yeh sirf tasty nahi hai, balki isme hain bohot saare health benefits jo baccho ki overall development mein help karte hain. Video ko end tak zaroor dekhiye saari details ke liye!

👉 Shop Now Here: https://tinyurl.com/bdhvwst4
🎉 Use Code: NEWX20 to get an extra 20% OFF (up to ₹150) on your first purchase!
💰 Extra Benefit: Get an additional 5% Gritzo Cash on all prepaid orders.
 
Gritzo believes that good nutrition should be both effective and delicious. That's why they have introduced our bestselling SuperMilk Growth+ in an exciting new Strawberry Swirl flavour!

Why parents love it:

✅ High-quality protein to support growth & development
✅ 100% RDA Zinc to support healthy growth
✅ Calcium + 100% RDA Vitamin D3 for stronger bones
✅ Lactoferrin to support immunity
✅ Made with handpicked Swiss strawberries
❌ ZERO Refined Sugar, No Maltodextrin, No Preservatives!

Healthy summer drinks for kids, how to make healthy drinks for kids, healthy drinks for growing kids, kabitaskitchen recipe, how to make strawberry drink, sabudana drink recipe, coconut drink recipe, Strawberry coconut cooler recipe, strawberry bubble payasam recipe, strawberry rabdi kulfi recipe, easy and healthy summer drinks recipe



#GritzoSuperMilk #StrawberrySwirl #KidsNutrition #HealthyGrowth #KabitasKitchen #Gritzo #KidsHealth Drink #NoRefinedSugar",
vz7GnnRfhi8,3 Party style Mango Dessert recipes | Mango Mastani Recipe | Mango matka kulfi | Mango Rabdi glass,https://www.youtube.com/watch?v=vz7GnnRfhi8,311,20260606,"#mangokulfi #mangomatkakulfi #mangomastanirecipe 

Mango rabdi :
Milk - 1 litre
Sugar - 1/4 cup
Elaichi powder - 1/8 tsp
Dry fruits - 1 tbsp
Mango pulp - 2
Mango crush - 2 tbsp

Mango mastani - 
Mango - 1
Milk - 1 cup
Sugar - 1 tbsp
Elaichi powder - 1/4 tsp
Vanilla ice cream - 2 scoop
Mango chunks - 1 tbsp
Tutti frutti - 1 tbsp
Dry fruits - 1 tbsp",
vuXTE68DNdE,Nutrition ka powerhouse Kulthi ki Dal | High Protein Dal recipe | Horse gram Recipe | Kabitaskitchen,https://www.youtube.com/watch?v=vuXTE68DNdE,398,20260604,"Preparation time - 45 mins
Serving - 6

Ingredients:
Kulthi ki dal (horse gram )- 1 cup (overnight soaked)
Onion - 1.5 cups
Ginger Garlic paste - 1 tbsp
Tomato paste - 1 cup
Bay leaves - 2
Cinnamon stick - 1 inch
Green cardamom -2
Black cardamom - 2
Cumin seeds - 1 tsp
Turmeric powder -1 tsp
Cumin powder -1 tsp
Coriander powder -1.5 tsp
Red chilli powder - 1 tsp
Black pepper powder -1/3 tsp
Garam masala -1/2 tsp
Ginger - 2 inch
Ghee - 2 tbsp
Salt to taste
Cooking oil - 4 tbsp
Coriander leaves - 1/4 cup

Nutrition ka powerhouse Kulthi ki Dal, horse gram recipe, kulthi ki dal kaise banate hai, healthy dal recipe, high protein dal recipe, kabitaskitchen recipe. kulthi ki dal by kabitaskitchen, hulga dal recipe",
K9JtZSPxhmg,Goan Prawn Curry Recipe | Goa में बनाया मैंने वहाँ की फेमस डिश | Goan Fish Recipe | KabitasKitchen,https://www.youtube.com/watch?v=K9JtZSPxhmg,408,20260601,"Aaj main aapke liye lekar aayi hoon Goa ki sabse famous aur authentic Goan Prawn Curry Recipe. Is recipe ko maine bade hi aasan tarike se bataya hai taaki aap isse ghar par bilkul restaurant ya beachside shack jaisa bana sakein. Agar aapko seafood pasand hai, toh yeh traditional Goan fish/prawn curry aapki favorite ban jayegi!

Is curry ka asli maza iske homemade special Goan masala paste mein hai, jise hum fresh coconut aur spices ke sath taiyar karenge. Isse aap steam rice ke sath serve kijiye, yeh khane mein behad swadisht lagti hai.

Agar aapko aaj ki recipe achhi lage, toh video ko Comment, Like aur Share zaroor karein. Aur aisi hi simple aur tasty recipes ke liye mere channel KabitasKitchen ko Subscribe karna na bhoolein!

Location & Setup Courtesy: Palm grove Beach Resort, Goa 

---

### ⏱️ TIMESTAMPS
0:00 - Introduction
01:10 - Goan Masala Paste Preparation
03:36 - Cooking the Prawn Curry
05:40 - Final Serving & Presentation

---

### 📋 RECIPE DETAILS
Preparation time - 30 minutes
Serving - 2

### INGREDIENTS:
* Prawn - 400 grams
* Fresh Coconut - 1/2 cup
* Onion - 1/4 cup
* Kokam - 1 tsp
* Tamarind - 1 tbsp
* Dry red chilli - 4
* Red chilli powder - 1 tsp
* Turmeric powder - 1/2 tsp
* Garlic cloves - 10 cloves
* Ginger - 1 inch
* Coriander seeds - 1 tsp
* Coriander leaves - 2 tbsp
* Coconut oil - 2 tbsp
* Salt to taste

---

### 📺 WATCH NEXT:
👉 More Fish Recipe: https://www.youtube.com/watch?v=XRMxKcWj9Es&t=123s&pp=ygUja2FiaXRhc2tpdGNoZW4gZmlzaCByZWNpcGUgcGxheWxpc3Q%3D
👉 Playlist: https://www.youtube.com/watch?v=_267FGI6sXM&list=PLKorCs_pzToi8P_OYuXLJZdC779-gu658&pp=sAgC
👉 Subscribe to KabitasKitchen: https://www.youtube.com/c/KabitasKitchen?sub_confirmation=1

---

### 🔍 TOPICS COVERED IN THIS VIDEO:
In this video, we will look at how to make prawn curry at home, traditional goan prawn curry recipe, goan recipes, and authentic goan fish curry style cooking. 

#GoanPrawnCurry #PrawnsCurry #GoaSpecial #JhingaCurry #kabitaskitchen",
D42yETz0buk,Instant Healthy Dosa No Ferment | मूंग दाल और धनियापत्ता का हेल्दी डोसा बिना फरमेंट के | Moong Dosa,https://www.youtube.com/watch?v=D42yETz0buk,335,20260528,"#instantdosa #healthybreakfastrecipe #moongdaldosarecipe #kabitaskitchen 

Preparation time - 30 minutes
Serving - 4

Ingredients :
For dosa -
Moong dal - 1 cup
Coriander leaves - 1 cup
Green chili - 4
Garlic - 7 to 8
Ginger - 3 inch
Cumin seeds - 1 tsp
Turmeric powder - 1/2 tsp
Salt to taste
Water as required
Oil for spread
Onion for garnish 

For Chutney-
Oil - 1 tbsp
Cumin seeds - 1/2 tsp
Mustard seeds - 1/2 tsp
Chana dal - 1 tbsp
Urad dal - 1 tbsp
Ginger - 2 inch 
Garlic - 7 to 8
Dry red chili - 4 to 5
Tomato - 1 
Onion - 1
Salt to taste
Sugar - 1/4 tsp
Kashmiri red chili - 1/2 tsp









Instant Healthy Dosa No Ferment, मूंग दाल और धनियापत्ता का हेल्दी डोसा बिना फरमेंट के, Moong Dosa",
WgjGKOAyY0I,रसगुल्ला और रसमलाई कैसे बनाते है | Rasmalai Recipe | Rasgulla Recipe | Angoori Rasmalai | Kabita,https://www.youtube.com/watch?v=WgjGKOAyY0I,753,20260526,"#kabitaskitchen #rasmalai #angoorirasmalai #mithai 

Ingredients:
For Chena balls 
Milk - 1.5 litres
Sugar -1.5 cups
White Vinegar - 2tbsp

For Rabri syrup:
Milk - 1/5 litres
Sugar - 1/2 cup
Cardamom powder -1/4 tsp
Saffron - 2 pinch
Dry fruits - 2 tbsp

Rasmalai recipe, how to make rasmalai, rasgulla recipe, best rasgulla recipe, mini rasgulla recipe, kabitaskitchen, kabitaskitchen recipe, step by step rasmalai recipe, rakshabandhan recipe, sweets for rakshabandhan, dessert recipe, Indian sweets recipe, अंगूरी रसमलाई बनाने का सबसे आसान तरीका, Angoori Rasmalai Recipe",
0iObZQWNPpg,दही वाले आलू की सबसे आसान रेसिपी | Dahi Aloo Sabzi recipe | Dum aloo recipe | Aloo kabitaskitchen,https://www.youtube.com/watch?v=0iObZQWNPpg,380,20260523,"#dahialookisabji #dumaloorecipe #kabitaskitchen 

Preparation time - 30 mins
Serving - 4

Ingredients :
Baby potatoes - 700 grams
Curd - 1 cup
Coriander powder -1 tbsp
Cumin powder - 1 tsp
Black pepper - 1 /3 tsp
Garam masala -1/2 tsp
Bay leaves - 2
Cumin seeds - 1/2 tsp
Black cardamom - 1
Cinnamon stick - 1 inch
Onion -1/2 cup
Turmeric powder -1/2 tsp
Red chilli powder -2 tsp
Cooking oil - 4 tbsp
Coriander leaves - 3 tbsp
Salt to taste",
BG4xlqJKG94,एक बार इस तरीके से करेला बनाकर देखिये ऊँगली चाटते रह जायेंगे | Stuffed Karela Recipe Kabitaskitchen,https://www.youtube.com/watch?v=BG4xlqJKG94,427,20260521,"#stuffedkarelarecipe #bharwakarelarecipe #kabitaskitchen 

Preparation time - 45 minutes
Serving - 5

Ingredients:
Karela - 700 grams
Mustard seeds - 1/4 cup
Black pepper -10 to 12
Coriander seeds - 1 tbsp
Garlic cloves - 25 gram
Green chilli - 7 to 8
Ginger - 3 inch
Onion - 1/2 cup
Mango pickle - 1 tbsp
Cumin seeds -1 tsp
Turmeric powder - 1/2 tsp
Coriander leaves - 1/4 cup
Cooking oil - 2 tbsp
Salt to taste

एक बार इस तरीके से करेला बनाकर देखिये ऊँगली चाटते रह जायेंगे, stuffed karela recipe, bharwa karela recipe, karela kaise banate hai, best karela recipe, step by step karela recipe, bharlela karela recipe, how to make stuffed karela, karela recipe kabitaskitchen",
r-13CpTgOQY,होटल जैसी ३ रेसिपी बिना गैस जलाये | Butter Chicken | Paneer in Garlic Sauce | High Protein recipe,https://www.youtube.com/watch?v=r-13CpTgOQY,377,20260519,"#NinjaCombi #NinjaCombiRecipe #ButterChicken #MatarPulao #PaneerRecipe #BrownRice #grilledpaneer  #KabitasKitchen #NoGasCooking #EasyRecipes #RestaurantStyle #HighProteinDiet #IndianFood #Dinnerideas

Craving restaurant-style food but don't want to turn on the stove? I’ve got you covered! 🤫 In today's video, we are making 3 mind-blowing, hassle-free recipes using the Ninja Combi Multi-Cooker.

From a rich & creamy Butter Chicken to a saucy Paneer in Chilli Garlic Sauce, and a super healthy High-Protein Grilled Paneer & Tofu combo—we are cooking it all without touching a gas stove!

These recipes are quick, effortless, and perfect for busy weekdays or lazy weekends. If you love this video, don’t forget to HIT the Like button, Share it with your fellow foodies, and Subscribe to KabitasKitchen for more easy recipes! 🔥

Get Your Ninja Combi Here:
Shark Ninja Website: https://sharkninja.in/products/ninja-combi-14-in-1-multi-cooker-oven-air-fryer

Amazon Link: https://amzn.in/d/08o0nqfw

Quick Details:
Prep Time: Just 15 minutes per combo!

Servings: Perfect for 4 to 5 people

📝 What You'll Need (Ingredients):
1. The Ultimate Matar Pulao : 

Rice (washed) - 400g
Frozen green peas - 1 cup
Onion - 1/2 cup
Cinnamon stick - 2 inches
Bay leaves - 2
Green chillies - 4
Ghee - 1 tbsp
Water - 950 ml
Salt to taste

Paneer in Chilli Garlic Sauce :

Paneer - 300g
Onion - 1/2 cup
Mixed bell peppers - 1 cup
Garlic (finely chopped) - 1 tbsp
Ginger (finely chopped) - 1 tsp
Green chilli (finely chopped) - 1 tbsp
Spring onion - 2 tbsp
Tomato ketchup - 2 tbsp
Green chilli sauce - 1 tbsp
Soya sauce - 2 tbsp
Vinegar - 1 tbsp
Corn flour - 1 tbsp
Water - 1/4 cup
Salt to taste

Healthy Brown Rice Pulao : 

Brown rice (washed) - 400g
Onion - 1 cup
Ghee - 1 tbsp
Bay leaves - 2
Cinnamon stick - 1 inch
Black cardamom - 2
Water - 1000 ml
Salt to taste

High-Protein Grilled Paneer & Tofu :

Paneer - 150g
Tofu - 150g
Hung curd - 1/3 cup
Ginger-garlic paste - 1 tsp
Red chilli powder - 1 tsp
Tandoori masala - 1 tsp
Garam masala - 1 tsp
Mustard oil - 1 tsp
Kasuri methi (Fenugreek leaves) - 1 tsp
Salt to taste

Creamy Restaurant-Style Butter Chicken :

For the Chicken Tikka Marinade:

Chicken (boneless) - 400g
Hung curd - 1/4 cup
Ginger-garlic paste - 1 tbsp
Red chilli powder - 1 tsp
Turmeric powder - 1/2 tsp
Garam masala - 1/2 tsp
Tandoori masala - 1 tsp
Besan (Gram flour) - 1 tsp
Mustard oil - 1 tbsp
Melted butter - 1 tbsp
Salt to taste

For the Rich Butter Gravy:

Tomato puree - 1.5 cups
Cashew paste - 1/4 cup
Ginger-garlic paste - 1 tbsp
Turmeric powder - 1/2 tsp
Red chilli powder - 1 tbsp
Cumin powder - 1 tsp
Coriander powder - 1 tsp
Garam masala - 1 tsp
Cinnamon stick - 1 inch
Black cardamom - 2
Bay leaves - 2
Butter (melted) - 4 tbsp
Fresh cream - 4 tbsp
Roasted kasuri methi - 1 tsp
Water - 4 cups
Salt to taste


होटल जैसी ३ रेसिपी बिना गैस जलाये, Butter Chicken, Paneer in Garlic Sauce, High Protein recipe, how to make rice in ninja combi, how to use ninja combi, healthy recipe in ninja combi, butter chicken recipe, ninja combi recipe kabitaskitchen",
L4e0RScdvZU,Cafe style Veg Dumplings Recipe | राइस पेपर डंप्लिंग्स | Rice paper Veg dumplings | kabitaskitchen,https://www.youtube.com/watch?v=L4e0RScdvZU,251,20260516,"#ricepaperdumplings #vegmomos #dimsum #kabitaskitchen 

Preparation time - 30 minutes
Serving - 4

Ingredients:
Rice paper - 10
Paneer -1/2 cup
Onion - 1/4 cup
Capsicum - 1/4 cup
Carrot - 1/4 cup
Spring onion -1/4 cup
Cabbage - 1/2 cup
Garlic - 1 tbsp
Black pepper - 1/2 tsp
Schezwan chutney - 1 tbsp
Cooking oil - 2 tsp
Sesame seeds -1/2 tsp
Salt to taste

For dip:
Soy sauce - 3 tbsp
Schezwan chutney - 1 tbsp
Tomato ketchup - 1 tbsp
Water - 4 tbsp


Cafe style Veg Dumplings Recipe, राइस पेपर डंप्लिंग्स, veg dumplings recipe, kabitaskitchen recipe",
Z_prMgBfZhw,"Paneer Do Pyaza & Non-Stop fun with Ayushmann, Sara, Wamiqa & Rakul! 😂🔥 @tseries - KabitasKitchen",https://www.youtube.com/watch?v=Z_prMgBfZhw,1464,20260515,"#KabitasKitchen #PatiPatniAurWoh2 #AyushmannKhurrana #SaraAliKhan #WamiqaGabbi #RakulPreetSingh #PaneerDoPyaza #PaneerRecipe #BollywoodCooking #IndianRecipes #DhabaStylePaneer #CookingWithStars #TrendingRecipes

What happens when the stars of Pati Patni Aur Woh 2 take over my kitchen? Pure chaos, endless laughter, and a delicious plate of Paneer Do Pyaza! 🥘✨

In today's special video, I am joined by the incredibly talented Ayushmann Khurrana, Sara Ali Khan, Wamiqa Gabbi, and Rakul Preet Singh. While we cook up a dhaba-style Paneer Do Pyaza, we talk about their new film, behind-the-scenes fun, and their secret food cravings!
If you enjoyed this star-studded cooking session, don't forget to LIKE, SHARE, and SUBSCRIBE to KabitasKitchen for more delicious recipes and fun collaborations!

Go watch Pati Patni Aur Woh 2 in cinemas near you! 🎬

Video Highlights:
How to get the perfect ""Do Pyaza"" texture.
A peak into actor life and their movie
Fun kitchen banter you don't want to miss!",
X3K0yXGv_wQ,कुकर में बनाये लिट्टी चोखा गाँव जैसा | Litti Chokha Recipe | Litti chokha in Pressure Cooker |Kabita,https://www.youtube.com/watch?v=X3K0yXGv_wQ,696,20260512,"#LittiChokhaRecipe #KabitasKitchen #sattulitti 

In this recipe video I have shown how to make delicious Litti Chokha in a pressure cooker. This simple recipe details step-by-step process to make this famous bihari dish at home. This video alos provides detailed instruction to make bihari style chokha on gas stove. Traditionally, this dish made on goitha(CAWDUNG CAKE)  #LittiChokha #PressureCookerRecipe 

Preparation time - 60 minutes
Serving - 5

Ingredients:
For Litti-
Dough:
Wheat flour - 2 cups
Ghee - 2 tsp
Salt -1/2 tsp
Water 

Stuffing preparation :
Sattu (roasted gram flour powder )- 2 cups
Onion -1/4 cup
Ginger -1 tbsp
Garlic - 1.5 tbsp
Green chilli - 1 tbsp
Coriander leaves -1/4 cup
Carom seeds-1/2 tsp
Nigella seeds -1/2 tsp
Mustard oil -2 tbsp
lemon juice - 1 tbsp
Any pickle masala - 1tbsp
Salt to taste

Baingan tamatar Chokha:
Brinjal - 1
Tomatoes -2
Garlic cloves - 3
Green chilli -2
Chopped green chilli -2
Chopped ginger - 1/2 tsp
Chopped garlic - 1 tsp
Salt to taste
Mustard oil - 1 tbsp
Coriander leaves - 2 tbsp

Green chutney:
Coriander leaves - 1/4 cup
Mint leaves -1/4 cup 
Tomato -1 
Green chilli -2
Ginger - 1 inch
Garlic cloves - 4
Salt to taste
Lemon juice -1 tsp
Salt to taste 

कुकर में बनाये लिट्टी चोखा गाँव जैसा, Easy Litti Chokha Recipe, Litti chokha in Pressure Cooker, how to make litti chokha, bihari style litti chokha, UP style litti chokha, best litti chokha recipe, litti chokha by kabitaskitchen, green chutney recipe, sattu litti, baingan bharta recipe, how to make baingan bharta",
bikZ2-0oK98,Cabbage Thoran Recipe | केरल की फेमस पत्तागोभी की रेसिपी | Pattagobhi ki Sabzi | Kabitaskitchen,https://www.youtube.com/watch?v=bikZ2-0oK98,217,20260509,"#cabbagethoran #pattagobhikisabji #cabbagerecipe #kabitaskitchen 

Preparation time: 20 minutes
Serving - 5

Ingredients :
Cabbage - 500 grams
Onion - 1 cup
Grated fresh coconut - 1 cup
Green chilli - 2 tbsp
Mustard seeds -1 tbsp
Urad dal - 2 tbsp
Onion shallot -1/2 cup
Curry leaves - 15
Dry red chilli - 4
Cooking oil - 3 tbsp
Salt to taste

केरल की फेमस पत्तागोभी की रेसिपी, Cabbage Thoran Recipe, cabbage recipe, pattagobhi ki sabzi, quick patta gobhi recipe, patta gobhi ki sabzi, how to make kerala style cabbage thoran, easy thoarn recipe, best thoran recipe",
jU2qJydKhVc,15 मिनट में फुले फुले सॉफ्ट इडली वो भी बिना फरमेंट के | Instant Rava Idli Recipe | Sooji idli recipe,https://www.youtube.com/watch?v=jU2qJydKhVc,273,20260507,"#instantidlirecipe #kabitaskitchen #idlirecipe #ravaidlirecipe 

Idli or idly is a type of savoury rice cake, originating from the Indian subcontinent, popular as breakfast foods in Southern India and in Sri Lanka. It has gained popularity in other regions as well, traditionally Idli is made from rice. One of the popular variations of the Idli is rava Idli, the name comes from its primary ingredient rava(semolina). Rava Idli is easier to make and takes less time compared to rice Idli. In this recipe video I have show step by step process of making rava Idli


Preparation time - 30 minutes
Serving - 4

Ingredients:
Sooji/rava - 1 cup
Curd -1/2 cup
Eno fruit salt - 1 tsp
Salt - 1 tsp


Rava idli recipe, idli recipe, easy idli recipe, sooji ka nasta, sooji idli recipe, semolina idli recipe, how to make sooji idli, how to make rava idli, idli recipe by kabitaskitchen, semolina recipe, breakfast recipe with sooji, no soak idli recipe, झटपट और आसान फुले फुले सॉफ्ट इडली वो भी बिना फरमेंट के,  Instant Rava Idli Recipe, Suji idli recipe, 15 मिनट में फुले फुले सॉफ्ट इडली वो भी बिना फरमेंट के",
XeXvd6Dz_MI,6 तरह के आलू का भर्ता जिसका स्वाद जुबान से न उतरे | 6 amazing potato Recipe | 6 aloo recipe Kabita,https://www.youtube.com/watch?v=XeXvd6Dz_MI,543,20260505,"#aloorecipe #6recipekabita #potatorecipe #6series 

Preparation time -  20 mins each recipe 

Pahadi aloo bharta :
Oil - 2 tbsp
Garlic cloves - 10 to 12
Onion - 1/2 cup
Dry red chili - 4 to 5
Boiled aloo - 3
Salt to taste 
Coriander leaves - 2 tbsp

Roasted aloo chokha :
Potato - 2
Oil - 2 tbsp
Dry red chili - 2
Onion - 1/4 cup
Salt to taste
Lal mirch achar - 1/2 tsp

Bihari Style aloo chokha/Bharta :
Boiled aloo - 3
Tomato - 2
Garlic - 4 to 5
Onion - 1/2 cup
Green chilli - 1 tbsp
Oil - 2 tbsp
Salt to taste
Coriander leaves - 2 tbsp

Masaledar aloo ka chokha :
Oil - 2 tbsp
Cumin seeds - 1/2 tsp
Green chilli - 2
Onion - 1/2 cup
Ginger garlic paste - 1 tsp
Tomato - 1/2 cup
Turmeric powder - 1/4 tsp
Red chilli powder - 1/4 tsp
Coriander powder - 1/2 tsp
Boiled aloo - 3 
Salt to taste
Coriander leaves - 2 tbsp

Maharashtrian style aloo :
Oil - 2 tbsp
Mustard seeds - 1 tsp
Green chili - 1 tbsp 
Curry leaves - 8 to 10
Onion - 1/2 cup
Turmeric powder - 1/3 tsp
Salt to taste 
Boiled aloo - 3 
  
Quick aloo bharta :
Boiled aloo - 3
Onion - 1/2 cup
Green chili - 1 tbsp
Coriander leaves - 2 tbsp
Mustard oil - 1 tbsp
Salt to taste

6 तरह के आलू का भर्ता जिसका स्वाद जुबान से न उतरे, 6 amazing potato Recipe, 6 aloo recipe Kabita, aloo recipe, aloo ka chokha, easy aloo recipe, 6 recipe by kabitaskitchen, how to make aloo chokha, best aloo recipe",
0YkbDapkqLk,लहसुन मिर्ची वाला आम का झटपट अचार बिना घूप के | Instant Mango Pickle | Aam ka achar Recipe | Kabita,https://www.youtube.com/watch?v=0YkbDapkqLk,406,20260502,"#instantmangopickle #aamkaacharrecipe #kabitaskitchen 

Preparation time - 45 mins

Ingredients:
Raw Mango - 1 kg
Garlic - 50 gram
Green chilli - 50 gram
Fenugreek Seeds - 2 tbsp
Yellow mustard seeds -1/4 cup
Fennel seeds -1/2 cup
Nigella seeds - 1tbsp
Carom seeds - 1.5 tbsp
Asafoetida - 1 tsp
Red chilli powder - 1 tbsp
Turmeric powder -1 tbsp
Mustard oil - 1 cup
Salt to taste

kairi ka achar, आम का झपट स्वादिस्ट अचार लहसुन हरी मिर्च के साथ, Aam ka Achar Recipe,Instant Mango Pickle Kabita, aam ka achar kaise banate hain, spicy raw mango pickle recipe, आम का अचार कैसे बनाएं, आम का अचार बनाने की विधि,आम का आचार, aam ka kucha achar, kairiche lonche, aam ka kucha, ambyache lonche, aam ka kucha bihari style, लहसुन मिर्ची वाला आम का झटपट अचार बिना घूप के",
VEgilO7XlAE,स्वादिस्ट छोले मसाला बिना प्याज़ लहसुन के | Chole masala Recipe | No Onion No Garlic Chole Recipe,https://www.youtube.com/watch?v=VEgilO7XlAE,272,20260430,"#chole #cholemasala #nooniongarlic #kabitaskitchen 

Preparation time - 60 minutes
Serving - 5

Ingredients :
Soaked chole - 2 cups
Ginger (grated) - 1 tbsp
Tomato paste - 1.5 cups
Bay leave -1 
Black cardamom - 2
Cinnamon stick - 1 inch
Turmeric powder -1/2 tsp
Kashmiri chilli powder - 2 tsp
Coriander powder - 2 tsp
Cumin powder -1 tsp
Black pepper powder -1/3 tsp
Garam masala powder -1 tsp
Cooking oil - 5 tbsp
Coriander leaves - 1/4 cup
Salt to taste

No Onion No Garlic Chole Recipe, बिना प्याज़ लहसुन के स्वादिस्ट छोले मसाला, Chole masala Recipe, easy chole recipe, kabitaskitchen chole recipe, best chole recipe, step by step chole recipe, chole kaise banate hai, chole recipe in pressure cooker",
GMZS5hmgJIM,Healthy Probiotic Curd Oats Recipe | वजन कम करने वाली ओट्स की रेसिपी | Weight Loss Recipe by Kabita,https://www.youtube.com/watch?v=GMZS5hmgJIM,235,20260428,"#oatsrecipe #healthyoatsrecipe #kabitaskitchen 

Ingredients :
Oats - 1 cup
Curd - 1.5 cup
Water as required
Green chili - 3
Coriander leaves - 1 tbsp
Cucumber - 1
Oil - 1 tbsp
Mustard seeds - 1 tsp
Urad dal - 1 tsp
Chana dal - 1 tsp
Curry leaves - 8 to 10
Red dry chili - 2
Cashew - 1 tbsp
Pomegranate - 2 tbsp
Salt to taste

Healthy and Probiotic Curd Oats Recipe, Weight Loss Recipe, वजन कम करने वाली ओट्स की रेसिपी",
b3MWFsKnFls,झारखंड का फेमस धुसका चना आलू की सब्ज़ी और चटनी के साथ | Dhuska Recipe | Dhuska by kabitaskitchen,https://www.youtube.com/watch?v=b3MWFsKnFls,692,20260423,"#dhuskaRecipe #ghughnirecipe #kabitaskitchen #jharkhandrecipe 

Ingredients :
For dhuska : - 
Rice - 1 cup
Chana dal - 1/2 cup
Urad dal - 1/4 cup
Garlic - 5 to 6
Ginger - 2 inch
Green chili - 4
Cumin seeds - 1 tsp
Salt to taste
Water as required 
Turmeric powder - 1/4 tsp
Coriander powder - 1/2 tsp
Black pepper - 1/3 tsp
Oil for frying 

For green chutney -
Coriander - 1 cup
Green chili - 4 to 5
Garlic - 3 to 4
Ginger - 2 inch
Curd - 2 tbsp
Salt to taste

Aloo chana sabji - 
Oil - 5 tbsp
Potatoes - 2 big
Bay leaf - 2 
Black cardamom - 2
Cumin seeds - 1 tsp
Onion - 3
Ginger garlic paste - 1 tbsp
Tomato paste - 1 cup
Turmeric powder - 1/2 tsp
Red chili powder - 1 tbsp
Cumin powder - 1/2 tsp
Black pepper - 1/3 tsp
Coriander powder - 1/2 tsp
Garam masala - 1/3 tsp
Black chana - 1cup
Salt to taste
Water as required 
Coriander leaves - 2 tbsp

झारखंड का फेमस धुसका चना आलू चटनी के साथ, Dhuska Recipe, how to make dhuska, easy dhuska recipe, jharkhand famous dhuska chana aloo sabzi recipe, kabitaskitchen, dhuska recipe by kabitaskitchen, step by step dhuska recipe. झारखंड का फेमस धुसका चना आलू की सब्ज़ी और चटनी के साथ",
RNGBbfQKaLc,होटल जैसा फ्राइड राइस और चिली पनीर | Chilli Paneer and fried rice Recipe | Combo by KabitasKitchen,https://www.youtube.com/watch?v=RNGBbfQKaLc,323,20260421,"#kabitaskitchen #vegfriedricerecipe #chillipaneer #recipe 

Ingredients :
Fried rice - 
Rice (boiled) - 1 cup
Oil - 2 tbsp
Garlic - 1 tbsp
Ginger - 1 tsp
Green chilli - 2 to 3
Onion - 1/2 cup
Soya sauce - 1 tbsp
Black pepper - 1/4 tsp
Salt to taste
Spring onion - 2 tbsp

Paneer chili :
Paneer - 200 gram
Maida - 1 tbsp
Corn flour - 1 tbsp
Kashmiri red chilli - 1/2 tsp
Black pepper - 1/3 tsp
Salt to taste
Schezwan chutney - 1 tbsp
Oil for frying
Oil - 2 tbsp
Garlic - 1 tbsp
Ginger - 1 tsp
Onion - 1/4 cup
Red capsicum- 1/4 cup
Yellow capsicum - 1/4 cup
Corn flour - t tbsp
Soya sauce - 1 tbsp
Red chilli sauce - 1 tbsp
Green chilli sauce - 1 tbsp
Tomato ketchup - 1tbsp
Schezwan chutney - 1 tbsp
Salt to taste
Black pepper - 1/3 tsp
Red chilli powder - 1/4 tsp
Green chilli - 2 to 3
Spring onion - 2 tbsp

होटल जैसा फ्राइड राइस और चिली पनीर, Chilli Paneer and fried rice Recipe",
cItQUjAVK6k,Kathal Nuggets recipe | MacD जैसा क्रिस्पी वेज नगेट्स | Kathal Jackfruit Recipe | kabitaskitchen,https://www.youtube.com/watch?v=cItQUjAVK6k,384,20260416,"#kathalrecipe #jackfruit #nuggets #kabitaskitchen 

Preparation ime - 30 mins
Serving - 4

Ingredients :
Kathal (jackfruit ) - 500 grams
Maida - 1/4 cup
cornflour -1/4 cup
Chilli flakes -1 tsp
Mixed herbs - 1 tsp
Black pepper -1/2 tsp
Schezwan chutney -1 tbsp
Bread crumbs - 1/2 cup
Soya Sauce - 1 tbsp
Cooking oil to fry
Salt to taste

kathal ke kofte, kathal ke nuggets, kathal ke pakode, kabitaskitchen, jackfruit recipe, kathal ki recipe, how to make kathal pakoda, easy jackfruit recipe, best kathal recipe, कटहल के क्रिस्पी नगेट्स, Kathal Recipe, MacD जैसा क्रिस्पी वेज नगेट्स, MacD जैसा क्रिस्पी वेज नगेट्स",
QJcUB8Oz5dk,आम की खट्टी मीठी चटनी जिसे स्टोर करे | Aam ki lounji Recipe | Raw Mango | Aam recipe | Kabitakitchen,https://www.youtube.com/watch?v=QJcUB8Oz5dk,324,20260414,"#aamkilonji #mangorecipe #kabitaskitchen 

Preparation time - 45 mins

Ingredients:
Raw Mango - 2 kg
Jaggery - 2 cups
Sugar -1 /2 cup
Cumin seeds -1 tbsp
Kalonji -1/2 tbsp
Lavang - 8 to 10
Sounf - 1 tbsp
Dry red chilli - 4
Chilli powder - 1 tsp
Salt - 1/2 tsp

आम की खट्टी मीठी चटनी जिसे स्टोर करे, raw mango recipe, kabitaskitchen , easy mango recipe, how to make aam ki lounji recipe, step by step aam ki lounji, best raw mango recipe, aam recipe, kabitaskitchen recipe, kabitaskitchen mango recipe, best mango recipe, kabitaskitchen recipe",
5lwiZVWUr3w,Fish paturi Recipe | 2 बूँद तेल और बिना मसाला के हेल्दी फिश | Healthy Fish in Banana Leaf | Kabita,https://www.youtube.com/watch?v=5lwiZVWUr3w,249,20260411,"#steamedfishrecipe #fishpaturi #kabitaskitchen 

Preapartion time - 30 mins
Serving - 2

Ingredients :
Fish (bhetki or any ) - 4 pieces
Coriander leaves - 1 cup
Mint leaves - 1/4 cup
Garlic cloves - 15
Green chilli - 5
Ginger -1 inch
Curd - 2 tbsp
Salt to taste
Lemon wedges 
Green chilli  (slited)
Mustard oil - few drops (optional)


Healthy Steamed Fish Recipe, Kabitaskitchen, २ बूँद तेल और बिना मसाला के हेल्दी फिश, fish paturi recipe, healthy fish recipe, zero oil fish recipe, kabitaskitchen fish recipe, how to make fish paturi, easy fish recipe, no masala fish recipe, Healthy Steamed Fish in Banana Leaf, Fish Paturi Kabita",
OkZIuXwiM38,Pakhala Bhat recipe | गर्मिर्यो में पेट को ठंडक देने वाली पखाला भात और चोखा | Rice Kanji | Kabita,https://www.youtube.com/watch?v=OkZIuXwiM38,311,20260409,"#pakhala #pakhalabhat #ricekanji #kabitaskitchen 

Preparation time - 30 mins
Serving - 4

Ingredients :
Boiled rice - 2 cup
Curd - 1/2 cup
Water 
Salt to taste
Ginger - 1 inch
Onion - 1 cup
Green chili - 1 
Oil - 2 tbsp
Red dry chili - 3 to 4
Coriander - 2 tbsp
For aloo chokha :
Oil - 4 tbsp
Garlic cloves - 13 to 14
Onion - 1/2 cup
Red dry chili - 7 to 8
Boiled aloo - 2
Salt to taste
Coriander - 1/2 cup",
FMSZJJGin9k,No Fail बाजार जैसा क्रिस्पी डोसा और चटनी | Dosa Recipe | How to make perfect Dosa | Kabitaskitchen,https://www.youtube.com/watch?v=FMSZJJGin9k,464,20260408,"#dosarecipe #highproteindosa #kabitaskitchen 

Ingredients :
Dosa - 
Rice - 1 cup
Chana dal - 1/2 cup
Urad dal - 1/4 cup
Ginger - 2 inch
Garlic - 4 to 5
Green chili - 3 to 4
Cumin seed - 1 tsp
Salt to taste
Water as required

Chutney - 
Oil - 2 tbsp
Urad dal - 1 tbsp
Chana dal - 1 tbsp
Ginger - 2 to 3 inch 
Garlic - 5 to 6
Dry red chili - 8 to 10
Tomato - 2 
Salt to taste
Oil - 2 tbsp
Mustard seeds - 1/2 tsp
Curry leaves - 8 to 10
Dry red chilli - 1

dosa recipe, healthy dosa recipe, kabitaskitchen, best dosa recipe, how to make perfect dosa, step by step dosa recipe, dosa batter recipe, अब हर बार बाजार जैसा क्रिस्पी डोसा बनेगा, rica chana dal dosa, high protein dosa recipe, kabitaskitchen dosa recipe",
dPG7x1yvFe8,काले चने और आलू की दमदार सब्ज़ी कुकर में | Kala Chana Sabzi | Chana Aloo Sabzi | Kabitaskitchen,https://www.youtube.com/watch?v=dPG7x1yvFe8,314,20260404,"#chanaaloosabzi  #kalachanamasalarecipe #kabitaskitchen 


Preparation time : 45 mins
Serving - 4

Ingredients:
Soaked black chana - 1 cup (before soak)
Potatoes - 4
Onion -1 cup
Ginger garlic paste - 1 tbsp
Tomato paste -1 cup
Bay leaves - 2
Cumin seeds -1 tsp
Balck cardamom - 2
Turmeric powder -1/2 tsp
Red chilli powder -1/2 tbsp
Coriander powder -1/2 tsp
Cumin powder -1/2 tsp
Garam masala -1/3 tsp
Balck pepper powder - 1/3 tsp
Cooking oil - 4 tbsp
Coriander leaves - 4 tbsp
Salt to taste 


काले चने और आलू की दमदार सब्ज़ी कुकर में, kabitaskitchen recipe, kala chana sabzi, pressure cooker recipe, kala chana masala recipe, easy chana recipe, black chana recipe, kabitaskitchen chana recipe, how to make chana masala in cooker,, best chana masala",
OXbXEjIoXaA,गर्मिर्यो में ठंडा ठंडा फ्रूट कस्टर्ड सही माप से कैसे बनाये | Fruit Custard recipe | Kabitaskitchen,https://www.youtube.com/watch?v=OXbXEjIoXaA,360,20260331,"#fruitscustard #kabitaskitchen #kabitaskitchenrecipes #summerspecialrecipe #summerdessertrecipe 


Preparation time : 30 minutes
Serving - 6

Ingredients:
Milk - 750 ml
Custard powder - 1.5 tbsp
Sugar - 1/4 cup
Banana - 1/4 cup
Pineapple - 1/4 cup
Apple - 1/4 cup
Pear - 1/4 cup
Mango - 1/4 cup
Grapes - 1/4 cup
Pomegranate - 1/4 cup
Kiwi - 1/4 cup

गर्मिर्यो में ठंडा ठंडा फ्रूट कस्टर्ड सही माप से कैसे बनाये , fruits custard recipe . kabitaskitchen recipe, summer recipe, summer dessert recipe, step by step fruit custard recipe, best fruit custard recipe",
wRwgl8sd_es,माँ के हाथो के स्वाद वाला आम का अचार सबसे आसान तरीके से | Aam Ka Achar recipe | Kabitaskitchen,https://www.youtube.com/watch?v=wRwgl8sd_es,545,20260328,"#kabitaskitchen #aamkaachar #mangorecipe #mangorecipe 

Ingredients:
Raw mango - 2 kg
Mustard seeds - 1/4 cup
Fennel seeds - 1/4 cup
Cumin seeds - 4 tbsp
Turmeric powder - 3 tbsp
Kashmiri chilli powder - 4 to 5 tbsp
Asafoetida - 1 tsp
Carom seeds - 4 tbsp
Nigella seeds - 2 tbsp
Vinegar - 6 tbsp
Mustard oil - 1 cup
Salt - 6 tbsp 

aam ka achae, aam ka achar recipe, kabitaskitchen, माँ के हाथो के स्वाद वाला आम का अचार सबसे आसान तरीके से, traditional mango picke recipe, aam ka achar kaise banate hai, aam ka achar traditional recipe, best mango pickle recipe, step by step mango pickle recipe",
oRl6XvRBhLI,गर्मियों के लिए ख़ास दही वाले चावल जो पेट में ठंडक रखे | Curd Rice recipe | Rice Recipe kabitakitchen,https://www.youtube.com/watch?v=oRl6XvRBhLI,241,20260326,"#dahichawal #curdrice #summerspecialrecipe 

Preparation time - 15 minutes
Serving - 2

Ingredients:
Boiled or cooked rice - 1.5 cups
Curd - 1 cup
Onion -1/4 cup
Tomato -1/4 cup
Capsicum - 1/4 cup
Curry leaves - 15
Green chilli - 3
Red chilli (dry )- 3 
Coriander leaves - 1/4 cup
Urad dal - 1 tbsp
Chana dal - 2 tbsp
Mustard seeds -1 tsp
Cumin seeds -1 tsp
Cooking oil - 2 tbsp
Salt to taste

गर्मियों के लिए ख़ास दही वाले चावल जो पेट में ठंडक रखे, curd rice recipe, best dahi chawal recipe, how to make curd rice, south indian style curd rice recipe, rice recipe, easy rice recipe, summer special rice recipe",
Gi85ajRl2bE,Best Paneer starter in less oil | 5 min में चिली पनीर बिना फ्राई के | Paneer Chilli Kabitaskitchen,https://www.youtube.com/watch?v=Gi85ajRl2bE,253,20260325,"#paneerrecipe #paneerstarterrecipe #paneer #kabitaskitchen 

Preparation time - 30 mins
Serving - 2

Paneer - 200 grams
Cornflour or maida -1/2 tbsp
Onion - 1/4 cup
Capsicum -1/4 cup
Green chilli -1  tbsp
Ginger - 1 tsp
Soy sauce - 1 tbsp
Schezwan chutney - 2 tsp
Tomato ketchup - 2 tsp
Chilli sauce - 2 tbsp
Black pepper - 1/2 tsp
Cooking oil - 3 tbsp
Salt to taste




Best Paneer starter in less oil, चिली पनीर बिना फ्राई के, paneer recipe, veg starter recipe, paneer starter recipe, 5 minute paneer recipe, 5 min में चिली पनीर बिना फ्राई के",
smMsRggjt6Y,नवरात्री का प्रसाद हलवा पूरी चना बस 30 मिनट में Halwa Chana Puri recipe | Sooji halwa Kabitaskitchen,https://www.youtube.com/watch?v=smMsRggjt6Y,426,20260324,"#halwapoori #halwapoorichana#Kabitaskitchen #NavratriPrasad  #KanyaPujan #AshtamiSpecial #PrasadRecipe #30MinuteMeals

Navratri Ashtami aur Navami Prasad ke liye banaiye Halwa, Puri aur Kale Chane sirf 30 minute mein! Iss video mein maine share kiye hain kuch simple hacks jisse aapka Sooji Halwa rasedar banega, Chana masala bhandara style hoga, aur Puri ekdum phooli hui aur soft banegi.

Perfect for Kanya Pujan or any festive morning when you are short on time!

Preparation time - 30 minutes
Serving - 4

Ingredients:

For Poori :
Wheat flour - 2 cups
Cooking oil/ghee for frying 
Water

For Halwa:
Sooji -1/2 cup
Ghee - 1/4 cup
Sugar -1/3 cup
Milk or water - 1.5 cups
Chopped dry nuts - 2 tbsp
Saffron - 1 pinch (optional)
Cardamom powder -1/2 tsp

For chana masala :
Soaked chana - 2 cups
Ghee -1 tbsp
Cumin seeds -1 tsp
Ginger (grated) -1 tbsp
Coriander powder - 1 tsp
Cumin powder -1/2 tsp
Red chilli powder - 1 tsp
Black pepper powder -1/3 tsp
Sendha namak to taste

Agar aapko recipe achi lage toh video ko Like karein aur Subscribe karna na bhoolein! 🙏",
tLZCdoNkHCE,बिना फ्राई होटल जैसा वेज कोफ़्ता करी | No fry Veg Kofta Curry | Kofta Curry Recipe | Kabitaskitchen,https://www.youtube.com/watch?v=tLZCdoNkHCE,403,20260320,"#vegkoftacurry #nofryrecipe #koftacurry #kabitaskitchen 

Preparation time - 45 mins
Serving - 4

Ingredients:
For Kofta -
Cauliflower -1/4 cup (grated)
Capsicum - 1/4 cup (chopped)
Cabbage - 1/4 cup (Grated)
Carrot - 1/4 cup (grated)
French beans - 1/4 cup (grated)
Onion -1/4 cup (chopped)
Ginger - 2 inch or 1 tbsp
Garlic cloves - 2 tbsp or 10 cloves
Gram flour - 4 tbsp
Black pepper -1/3 tsp
Cooking oil - 2 tbsp
Salt to taste

For Curry :
Onion - 1 cup
Tomato -1 cup
Ginger - 3 incg
Garlic - 12 cloves
Cashews - 15
Turmeric powder -1/2 tsp
Red chilli powder -1.5 tsp
Coriander powder -1 tsp
Cumin powder -1/2 tsp
Black pepper -1/3 tsp
Garam masala -1/2 tsp
Bay leaves - 1 
Black cardamom -1 
Kasuri methi - 1 tsp
Cumin seeds - 1 tsp 
Cooking oil - 5 tbsp
Salt to taste

Veg kofta curry recipe, kabitaskitchen, बिना फ्राई होटल जैसा वेज कोफ़्ता करी, No fry Veg Kofta Curry, restaurent style kofta curry, kofta curry recipe, step by step veg kofta curry recipe, how to make kofta curry, easy kofta curry recipe, best kofta curry recipe",
o47VacCPhjA,होटल जैसा रेशमी मटर पनीर बिना क्रीम के | Matar Paneer recipe | Paneer recipe | Kabitaskitchen,https://www.youtube.com/watch?v=o47VacCPhjA,426,20260317,"#matarpaneer #restaurantstyle #kabitaskitchen 

Preparation time - 45 minutes
Serving - 4

Ingredients :
Paneer - 400 grams
Green peas - 1 cup (frozen/ fresh)
Onion - 1 cup
Tomato -1 cup
Ginger - 3 incg
Garlic - 12 cloves
Cashews - 15
Turmeric powder -1/2 tsp
Red chilli powder -1.5 tsp
Coriander powder -1 tsp
Cumin powder -1/2 tsp
Black pepper -1/3 tsp
Garam masala -1/2 tsp
Bay leaves - 1 
Black cardamom -1 
Cumin seeds - 1 tsp 
Butter - 2 tbsp
Cooking oil - 5 tbsp
Salt to taste

होटल जैसा रेशमी मटर पनीर बिना क्रीम के, matar paneer recipe, kabitaskitchen recipe, how to make matar paneer, best matar paneer recipe, step by step matar paneer recipe, matar paneer kaise banate hai",
NEOVdwTPX0o,Soya Egg Fried Rice | हाई प्रोटीन फ्राइड राइस | High Protein Egg Soya Fried Rice | Kabitaskitchen,https://www.youtube.com/watch?v=NEOVdwTPX0o,305,20260314,"#eggsoyafriedrice #highproteinrecipes #healthyfood #kabitaskitchen 

Preparation time - 30 mins
Serving - 3

Ingredients:
Rice -1 cup
Eggs - 4
Soya chunks -1 cup
Onion -1/4 cup
Capsicum -1/4 cup
Carrot -1/4 cup
Cabbage -1/4 cup
Green chilli - 1 tbsp
Garlic - 1 tbsp
Ginger -1 tbsp
Soy sauce -1 tbsp
Black pepper -1/2 tsp
Cooking oil - 4 tbsp
Chilli powder -1/2 tsp
Salt to taste

हाई प्रोटीन फ्राइड राइस, High Protein Egg Soya Fried Rice, Egg fried Rice with Soya Kabitaskitchen, kabitaskitchen rice recipe, healthy rice recipe, soya rice recipe, soya pulao recipe, egg fried rice recipe, egg rice recipe, rice recipe for gym lovers, kabitaskitchen healthy recipe, Soya Egg Fried Rice",
iH46vJAgqqs,सूजी का हेल्दी नाश्ता बस 15 मिनट में | Sooji ka jhatpat nasta | Healthy Breakfast recipe | Kabita,https://www.youtube.com/watch?v=iH46vJAgqqs,313,20260312,"#soojikanasta #healthybreakfastrecipe #kabitaskitchen 

Preparation time - 30 minutes
Serving - 4

Ingredients:
Bell peppers (any colour)
Sooji/Rava - 1 cup
Curd -1/4 cup
Onion - 1/4 cup
Tomato -1/4 cup
Green chilli - 1 tbsp
Coriander leaves -1/4 cup
Mixed herbs -1 tsp
Baking soda -1/5 tsp
Cooking oil - 2 tbsp
Salt to taste

sooji ka nasta recipe, healthy breakfast recipe, kabitaskitchen. step by step healthy breakfast recipe, how to make sooji ka nasta, semolina breakfast recipe, kabitaskitchen recipe, rava recipe, sooji recipe, kabitaskitchen recipe. सूजी का हेल्दी नाश्ता बस 15 मिनट में, Sooja ka jhatpat nasta,",
MXeR3qQiaAc,कीमा समोसा रेसिपी | Mutton Keema Samosa recipe | Iftar Ramadan Recipe | Keema Samosa Kabitaskitchen,https://www.youtube.com/watch?v=MXeR3qQiaAc,451,20260311,"#keemasamosarecipe #iftarrecipe #ramadanrecipes #kabitaskitchen 

Preparation time -  60 mins
Serving - 6

Ingredients:
For Stuffing:
Mutton keema - 500 grams
Onion -1 cup
Green chilli -1 tbsp
Ginger -1 tsp
Garlic - 1 tbsp
Ginger garlic paste - 1 tbsp
Turmeric powder -1/2 tsp
Chilli powder -1 tsp
Cumin powder -1/2 tsp
Coriander powder -1 tsp
Garam masala - 1/2 tsp
Black pepper - 1/3 tsp
Coriander leaves - 1/4 cup
Kasuri methi - 1 tbsp (optional)
Cooking oil - 3 tbsp
Salt to taste

Keema samosa recipe, mutton samosa recipe, kheema samosa recipe, non veg samosa recipe, kabitaskitchen recipe, iftar recipe, ramadan recipe, ramzan recipe, non veg starter recipe, how to make keema samosa, easy non veg starter recipe",
LbpwrzVXOTo,हाई प्रोटीन मटर पनीर कबाब | Matar Paneer Kebab | High Protein Snack Recipe | Hara Bhara Kabab kabita,https://www.youtube.com/watch?v=LbpwrzVXOTo,383,20260310,"#highproteinrecipes #healthysnack #matarpaneer #kabitaskitchen 

Preparation time - 30 mins
Serving - 3

Ingredients:
For green paste :
Fresh Matar -  1.5 cups
Spinach - 1 cup
Coriander leaves - 1/2 cup
Green chilli -  4
Garlic cloves - 6
Ginger - 2 inch
Salt- 1/2 tsp

For Kabab:
Green paste - 1 cup
Paneer - 150 grams
Carrot - 1/4 cup
Besan - 2 tbsp
Mixed herbs -1 tsp
Chilli flakes -1 tsp
Black pepper - 1/2 tsp
Salt to taste
Cashews for decoration
Cooking oil - 2 tbsp

हाई प्रोटीन मटर पनीर कबाब, Matar Paneer Kebab, High Protein Snack Recipe, Hara Bhara Kabab kabita, kabab kabitaskitchen, healthy recipe, healthy snacks recipe, step by step kabab recipe, best kabab recipe, high protein recipe, weight loss recipe",
r7zPgF8uo3U,चिकेन स्प्रिंग रोल पार्सल | Chicken spring roll parcel | Iftar Ramadan Recipe | Kabitaskitchen,https://www.youtube.com/watch?v=r7zPgF8uo3U,372,20260307,"#chickenparcel #kabitaskitchen #iftarrecipe #chckenparcel

Preparation time - 45 mins
Serving - 6

Ingredients:
For Dough -
All purpose flour - 2cups
Cooking oil - 2 tbsp
Salt to taste
Water

For stuffing:
Chicken minced - 400 grams
Garlic - 1 tbsp
Chilli -1 tbsp
Onion -1 cup
Carrot - 1/4 cup
Red pepper - 1/4 cup
Spring onion - 1/4 cup
Tomato ketchup -1 tbsp
Schezwan chutney -1 tbsp
Black pepper - 1 /4 tsp
Salt to taste",
p0_OBtMozj8,बच्चो के टिफ़िन के लिए झटपट पास्ता जो ड्राई नहीं होगा | Indian Style Chatpata Pasta | Kabitaskitchen,https://www.youtube.com/watch?v=p0_OBtMozj8,260,20260305,"#pastarecipe #indianstylerecipes #indianpastarecipe #kabitaskitchen 

Preparation time - 30 mins
Serving - 2

Ingredients:
Pasta/ macaroni - 1 cup
Garlic - 1 tbsp
Green chilli - 1 tsp
Onion - 1/4 cup
Tomato -1/4 cup
Red pepper - 1/4 cup
Yellow pepper - 1/4 cup
Green pepper - 1/4 cup
Chilli flakes - 1 tsp
Mixed herbs - 1 tsp
Black pepper - 1/3 tsp
Tomato ketchup -  4 tbsp
Mayonaise - 2 tbsp
Butter - 2 tbsp
Cooking oil -2 tbsp
Salt to taste


बच्चो के टिफ़िन के लिए झटपट पास्ता जो ड्राई नहीं होगा, Indian Style Chatpata Pasta, easy pasta recipe, step by step pasta recipe, macaroni for kids recipe, pasta for kids. pasta for lunch box recipe",
kjzQEkC6w7c,एनर्जी से भरपूर और हड्डियाँ मजबूत करने वाला ड्रिंक | Chilled Dates Almond Milkshake | Kabitaskitchen,https://www.youtube.com/watch?v=kjzQEkC6w7c,282,20260302,"#datesalmondmilkshake #energydrink #kabitaskitchen 

Preparation time - 30 minutes
Serving - 4 glasses

Ingredients:
Almond - 1/5 cup
Dates - 5
Milk - 500 ml
Sugar - 2 tbsp (optional)
Chopped dry fruits - 2 tbsp
Saffron - 2 pinch (optional)

Dates Almond Milkshake, almond milkshake, kabitaskitchen, iftaar drink recipe, ramazan recipe, refreshing summer drink recipe, kabitaskitchen recipe, kabitaskitchen milkshake recipe, एनर्जी से भरपूर और हड्डियाँ मजबूत करने वाला ड्रिंक, Chilled Dates Almond Milkshake",
OgFwJDQNUok,MacD जैसा क्रिस्पी चिकेन नगेट्स | Easy Chicken nuggets Recipe | Chicken Recipe | Kabitaskitchen,https://www.youtube.com/watch?v=OgFwJDQNUok,229,20260228,"#chickennuggetsrecipe #chickenrecipe 

Preparation time - 30 minutes
Serving - 4

Ingredients : 
Chicken cubes (boneless ) - 400 grams
Bread crumbs - 1/2 cup
Corn flour - 2 tbsp
Maida - 1 tbsp
Black pepper - 1/2 tsp
Mixed herbs - 1 tbsp
Chilli flakes - 1 tsp
Peri peri masala - 1 tsp
Cooking oil to fry 
Salt to taste

Chicken nuggets Recipe, MacD जैसा क्रिस्पी चिकेन नगेट्स, chicken nuggets recipe, kabitaskitchen, recipe by kabita, step by step chicken nuggets ki recipe, chicken recipe, step by step chicken nuggets recipe, kabitaskitchen recipe, best chicken nuggest recipe, Restaurent style chicken nuggets recipe, Easy Chicken nuggets Recipe, kabitaskitchen chicken recipe",
sgSzQEwD6RE,Eggless Banana Cake recipe | आटा केला और गुड़ का केक बिना अंडा बटर के | Eggless Banana Bread | Kabita,https://www.youtube.com/watch?v=sgSzQEwD6RE,298,20260226,"#bananabread #bananacake #healthycake #kabitaskitchen #kabitaskitchenrecipes 


Preparation time : 60 minutes
Serving - 7 to 8

Ingredients:
Wheat flour - 1.5 cups
Ripe banana - 3 (large)
Jaggery powder - 3/4 cup
Vegetable oil - 1/2 cup
Curd - 1/2 cup
Baking powder -1 tsp
baking soda -1/2 tsp
Cinnamon powder - 1 tsp
Vanilla essence - 1 tsp
Almond - 1/4 cup

Eggless Banana Cake recipe, आटा केला और गुड़ का केक बिना अंडा बटर के, Eggless Banana Bread, banana bread recipe, eggless banana cake, easy cake recipe, eggless cake recipe, kabitaskitchen banana bread recipe, banana cake with wheat flour and jaggery",
WvKo24jxoMQ,Muradabadi Dal Recipe | ये दाल भी है और चाट भी | Healthy Moong Dal Recipe | Moong dal kabitaskitchen,https://www.youtube.com/watch?v=WvKo24jxoMQ,343,20260224,"#moradabadidal #healthyrecipe #kabitaskitchen #streetfoodrecipes 


Preparation time: 30 minutes
Serving - 4

Ingredients:
Moong dal - 1 cup
Ginger -1 tbsp
Turmeric powder -1/3 tsp
Salt to taste

For tadka:
Ghee - 2 tbsp
Hing - 1/3 tsp

For Green chutney :
Coriander leaves - 1/2 cup
Ginger - 1 inch
Garlic cloves - 8
Green chilli - 3
Curd - 2 tbsp
Sev bhujiya - 2 tbsp
Salt to taste
Water - 4 tbsp

For garnishing :
Chopped onion
Chopped tomato
Green chutney
Tamarind chutney
Green chilli
Chaat masala
Red chilli powder
Salt to taste
Sev bhujiya
Chopped ginger
Coriander leaves 
Papdi 

Muradabadi Dal Recipe, ये दाल भी है और चाट भी, Healthy Moong Dal Recipe, kabitaskitchen recipe, healthy moong dal recipe, moong ki dal kaise banate hai, mooradabadi dal recipe, best moong dal recipe, healthy chaat recipe, zero oil chaat recipe, mooradabadi dal kaise banate hai, muradabadi dal kabitaskitchen",
PzcBpzZlu1U,Zafrani Pulao Recipe | बेहतरीन ज़ाफ़रानी पुलाव पनीर के साथ ऐसे बनाये | Saffron rice | Kabitaskitchen,https://www.youtube.com/watch?v=PzcBpzZlu1U,417,20260219,"#zaafranipulao #zafarnipulaorecipe #ramadanrecipes #ramzanrecipe #kabitaskitchen 

Preparation time - 45 minutes
Serving -  5

Ingredients:
Basmati rice - 2 cups
Paneer - 250 grams
Soaked almonds - 1/4 cup
Milk -1/4 cup
Water - 3 cups
Saffron - 1/2 tsp
Sugar - 1 tsp
Almond - 2 tbsp
Cashews - 2 tbsp
Onion - 1 cup
Ginger garlic taste - 1 tbsp
Bay leave - 1
Cloves - 8
Green cardamom - 4
Cinnamon stick - 2 inch
Ghee - 4 tbsp
Salt to taste

बेहतरीन ज़ाफ़रानी पुलाव पनीर के साथ ऐसे बनाये, Zafrani Pulao Recipe, Saffron rice, veg pulao, zafrani pulao recipe, zarda pulao recipe, kabitaskitchen zafrani pulao recipe",
XW72hvm7cLw,Tawa Egg Masala | तवा अंडा मसाला जिसका स्वाद जुबान से न उतरे | Egg masala Recipe | Kabitaskitchen,https://www.youtube.com/watch?v=XW72hvm7cLw,241,20260218,"#tawaeggmasala #tawaandamasala #kabitaskitchen #eggcurry #eggrecipe 

Preparation time - 30 minutes
Serving - 4 to 5

Ingredients:
Boiled eggs - 8 
Onion - 1/2 cup 
Tomato - 1/2 cup
Ginger - 2inch
Garlic cloves - 18 to 20 (small)
Coriander seeds - 1 tbsp
Dry red chillies - 6
Dry coconut - 25 gram
Turmeric powder -1/2 tsp
Kashmiri red chilli powder -1/2 tsp
Bay leaves - 1
Cumin seeds - 1/2 tsp
Cumin powder -1/3 tsp
Garam masala - 1/3 tsp
Black pepper powder -1/4 tsp
Coriander leaves - 2 tbsp
Ghee - 1 tbsp
Cooking oil - 5 tbsp
Salt to taste

तवा अंडा मसाला जिसका स्वाद जुबान से न उतरे, Tawa Egg Masala, egg recipe by kabitaskitchen, dhaba style anda curry, best egg curry recipe, egg sukka recipe, kabitaskitchen rice recipe",
dPBb_yO0--I,Gulgule Recipe | गेहूँ के आटे से और गुड़ से बनाये सॉफ्ट गुलगुले | Ramadan Recipe | Kabitaskitchen,https://www.youtube.com/watch?v=dPBb_yO0--I,326,20260217,"#kabitaskitchen #gulgulerecipe #gulgule #ramadan 

Preparation time :
Serving - 4

Ingredients:
Wheat Flour (aata ) - 2 cups
Jaggery (gud ) - 3/4 cup
Fennel seeds - 1 tbsp
Cardamom - 1/2 tsp
Baking soda - 2 pinch
Cooking oil to fry 

Gulgule Recipe,  गेहूँ के आटे से और गुड़ से बनाये सॉफ्ट गुलगुले, Ramadan Special Recipe, Ramadan special recipe, kabitaskitchen, kabitaskitchen recipe, wheat flour gulgule recipe, kabitaskitchen, easy gulgule recipe",
W7ZsC-VMPCc,व्रत का मसाला डोसा और चटनी बिना भिगोये बिना फरमेंट के | Vrat Ka khana | Vrat Recipes Kabiotaskitchen,https://www.youtube.com/watch?v=W7ZsC-VMPCc,450,20260214,"#kabitaskitchen #vratrecipe #kabitaskitchenrecipes 

Ingredients:
Sama Rice/Bhagar - 1 cup
Sabudana - 1/3 cup
Curd -1/2 cup
Sendha Namak 
Water
Ghee

For green chuteny :
Coriander leaves - 1/2 cup
Roasted peanuts - 4 tbsp
Green chilli - 3
Lemon juice - 1 tsp
Ginger - 1 inch
Curd - 2 tbsp
Cumin seeds - 1 tsp
Sendha namak
Water 

For Aloo Masala :
Boiled potatoes - 4
Green chilli -1 tbsp
Ginger - 1 tsp
Curry leaves - 10
Roasted peanuts - 3 tbsp
Cumin seeds - 1/2 tsp
Ghee - 2 tbsp
Sendha namak - 1/2 tsp

व्रत के लिए स्वादिस्ट मसाला डोसा और चटनी, navratri special recipe, vrat ka dosa, bhagar recipe, sabudana recipe, how to make vrat ka dosa, masala dosa for fast, fasting recipe, vrat recipe by kabitaskitchen, vrat ki chutney recipe, vrat ke aloo, sabudana recipe for fasting
१५ मिनट में व्रत के लिए मसाला डोसा और चटनी बिना भिगोये बिना फरमेंट के | Vrat ka Dosa Recipe | Kabita",
igwSt6R5zQY,होटल जैसा सोया चॉप मसाला आसान तरीके से | Soya Chaap recipe | Soya Chaap masala | Kabitaskitchen,https://www.youtube.com/watch?v=igwSt6R5zQY,543,20260214,"#soyachaaprecipe #soyachaapmasala #kabitaskitchen 

Preparation time - 45 minutes
Serving - 4

Ingredients:

For marination :
Soya Chaap recipe - 300 grams
Curd - 4 tbsp
Turmeric powder -1/3 tsp
Chilli powder -1/2 tsp
Tandoori masala - 1 tsp
Kasuri methi - 1 tsp
Salt to taste 

For masala paste :
Onion - 1 cup
Tomato -1 cup
Garlic cloves - 15
Ginger - 3 inch
Dry red chilli - 6

For Curry :
Cooking oil - 2 tbsp
Butter - 2 tbsp
Cumin seeds - 1 tsp
Bay leaves - 2
Black cardamom - 1
Turmeric powder -1/2 tsp
Chilli powder - 1 tbsp
Cumin powder - 1/2 tsp
Coriander powder - 1 tsp
Garam masala - 1/2 tsp
Kasuri methi - 1 tsp
Salt to taste

होटल जैसा सोया चॉप मसाला आसान तरीके से, soya chaap recipe, restaurent style soya chaap curry, soya masala, soya chaap recipe, kabitaskitchen, how to make soya chaap at home, best soya chaap recipe, step by step soya ki sabzi",
Z2gxGREcD80,बच्चो के टिफ़िन के लिए हेल्दी केक NO Oven | Healthy Chocolate Appe | Gluten Free Cake Kabitaskitchen,https://www.youtube.com/watch?v=Z2gxGREcD80,302,20260212,"#kabitaskitchen #healthyrecipes #chocolatecake #glutenfreerecipes 

Preparation time - 30 minutes
Serving - 4

Ingredient :
Jowar flour - 1 cup
Powdered sugar - 1/2 cup
Cocoa powder - 1/4 cup
Milk powder -1/4 cup
Baking powder -1 tsp
Baking soda -1/2 tsp
Vanilla essence - 1 tsp
Ghee - 2 tbsp
Milk -1 cup
Ghee - 1 tbsp

Gluten free cake recipe, healthy recipe, chocolate cake recipe, kabitaskitchen cake recipe, healthy cake recipe, cake withour oven, cake in appe, chocolate cake recipe, millet cake recipe, cake in appe pan, Healthy Chocolate Appe, बच्चो के टिफ़िन के लिए हेल्दी केक, Jowar Cake",
I_8s7iA29lQ,Amazing Double Layer Veg Grilled Sandwich | कैफ़े जैसा डबल लेयर वेज ग्रिल्ड सैंडविच | Kabitaskitchen,https://www.youtube.com/watch?v=I_8s7iA29lQ,334,20260210,"#veggrilledsandwich #cafestylesandwichRecipe #vegsandwich #vegsandwichrecipe 

Ingredients:
Green chutney:
Coriander leaves - 1/2 cup
Green chilli - 6
Ginger - 2 inch
Garlic - 15 cloves
Lemon juice - 1 tsp
Chana dal - 3 tbsp
Turmeric powder - 1 pinch
Mint leaves - 1/4 cup
Salt to taste 

For Aloo Masala :
Boiled potatoes
Cumin seeds - 1/2 tsp
Ginger garlic and green chilli paste -1 tbsp
Turmeric powder - 2 tbsp
Cooking oil - 2 tbsp
Salt to taste 

For paneer mixture :
Paneer - 1/2 cup
Cheese - 1/4 cup
Onion - 3 tbsp
Tomato - 3 tbsp
Green capsicum - 2 tbsp
Yellow capsicum - 2 tbsp
Black pepper - 1/3 tsp
Chat masala - 1/2 tsp
Lemon juice - 1 tbsp
Coriander leaves 
Chilli flakes - 1 tsp 
Mixed herbs - 1 tsp
Salt to taste

For assembling :
Bread slices
Butter - 2 tbsp

Amazing Double Layer Veg Grilled Sandwich, कैफ़े जैसा डबल लेयर वेज ग्रिल्ड सैंडविच, veg sandwich recipe, kabitaskitchen, easy sandwich recipe, best sandwich recipe, kabitaskitchen sandwich recipe, street style sandwich recipe, how to make double layer veg sandwich, best sandwich recipe",
ubSsPAkNrbU,Best Tandoori chicken on gas stove | Tandoori Chicken Recipe by Kabitaskitchen,https://www.youtube.com/watch?v=ubSsPAkNrbU,229,20260208,"#tandoorichicken #kabitaskitchen #tandoorichickenrecipe 

Preparation time - 45 mins
Serving - 2

Ingredients:
Chicken Leg piece - 2 
Curd - 1/4 cup
Ginger garlic paste -1 tbsp
Tandoori masala powder - 2 tbsp
Red chilli powder - 1 
Coriander powder -1/2 tsp
Cumin powder -1/2 tsp
Garam masala -1/2 tsp
Black pepper powder -1/4 tsp
Mustard oil -1 tbsp
Dry fenugreek leaves - 1 tsp
Cooking oil - 2 tbsp
Salt to taste

जब मैंने गैस स्टोव पे ये तंदूरी चिकेन बनाया तो सब खाते ही रह गए, tandoori chicken recipe, chicken starter recipe, best chicken starter recipe, chicken recipe kabitaskitchen, how to make tandoori chicken at home, tandoori chicken without tandoor, gas stove tandoori recipe",
-7WCKtVlqKs,Veg Burrito Bowl Recipe | मैक्सिकन स्टाइल वेज Burrito Bowl Recipe | Burrito Bowl by Kabitaskitchen,https://www.youtube.com/watch?v=-7WCKtVlqKs,516,20260207,"#burito  #vegburitobowl #kabitaskitchen #kabitaskitchenrecipes 

Preparation time - 45 minutes
Serving - 2

Ingredients :

For Paneer :
Butter - 1 tsp
Paneer - 200 gram
Chilli flakes - 1 tsp
Oregano - 1 tsp
Cooking oil - 1 tbsp 
Salt to taste

For Rajma :
Garlic -1 tsp
Onion - 4 tbsp
Tomato - 4 tbsp
Rajma - 1/2 cup
Schezwan chutney - 1 tsp
Salt to taste
Water

For Rice :
Butter - 1 tbsp
Rice - 1 cup
Coriander leaves
Lemon juice 
Cooking oil - 1 tsp
Salt to taste

For salad :

Chopped Onion - 2 tbsp
Yellow capsicum - 2 tbsp
Red capsicum - 2 tbsp
Boiled corn -2 tbsp
Mixed herbs - 1/2 tsp
Chilli flakes  - 1/2 tsp
Cooking oil - 1 tsp
Salt to taste

For dressing :

Greek yogurt - 1/2 cup
Garlic - 4 cloves
Black pepper -1/5 tsp
Coriander leaves
Salt to taste
 
Additional :
Avocado -1 
Cherry tomato
Salt to taste 
Lemon juice


Mexican rice, burrito bowl recipe, rice recipe, how to make veg burrito bowl, best burrito bowl recipe, kabitaskitchen recipe, step by step burrito bowl recipe",
S6NctqI1YTM,कुकर की 2 सीटी में होटल जैसा पनीर बिरयानी | Pressure cooker Paneer Biryani Recipe | Kabitaskitchen,https://www.youtube.com/watch?v=S6NctqI1YTM,373,20260205,"#kabitaskitchen #paneerbiryani #vegbiryanirecipe 

ngredients:
Rice - 1 glass 
Water - 1.75 glass
Matar - 1/2 cup
Paneer - 200 gram
Oil - 2 tbsp
Ghee - 1 tbsp
Bay leaf
Cinnamon
Black cardamom
Cardamom
Clove
Cumin seed - 1 tsp
Onion - 1 cup
Ginger garlic paste - 1 tbsp
Tomato - 1 cup
Turmeric powder - 1/2 tsp
Red chili powder - 1 tsp
Coriander powder - 1/2 tsp
Cumin powder - 1/2 tsp
Biryani masala -1 tsp
Salt to taste
Coriander and min leaves

कुकर की 2 सीटी में होटल जैसा पनीर बिरयानी , Pressure cooker Paneer Biryani Recipe",
vC9-jxyiaL0,क्रिस्पी वेज कटलेट की रेसिपी | Mix Veg Cutlet | Veg starter Recipe | Veg Cutlet Recipe Kabitakitchen,https://www.youtube.com/watch?v=vC9-jxyiaL0,377,20260203,"#vegcutletrecipe #mixvegcutletRecipe #kabitaskitchen 

Preparation time - 30 mins
Serving - 4

Ingredients:
Boiled potatoes - 3
Grated paneer - 1/2 cup
Onion -1/4 cup
Capsicum -1/4 cup
Carrot - 1/2 cup
Green chilli - 2 tbsp
Coriander leaves - 1/4 cup
Lemon juice - 1 tbsp
Balck pepper -1/2 tsp
Chilli flakes -  1 tbsp
Mixed herbs -1 tbsp
Salt to taste
Corn flour - 4 tbsp
Maida - 4 tbsp
Bread crumbs - 1 cup
Cooking oil to fry 

क्रिस्पी वेज कटलेट की रेसिपी, Mix Veg Cutlet, kabitaskitchen recipe, cutlet recipe, veg starter recipe, kabitaskitchen recipe, Veg Cutlet Recipe Kabitakitchen",
v5oTKeF0QOM,प्रेशर कुकर में अंडा पुलाओ बनाने का आसान तरीका - Egg Pulao Recipe - Egg Biryani - Kabitaskitchen,https://www.youtube.com/watch?v=v5oTKeF0QOM,288,20260202,"#kabitaskitchen #EggBiryani #andabiryani #pressurecookerrecipes 

Preparation time - 30 minutes
Ingredients:
Rice - 1 glass
Boiled Eggs - 6
Black Cardamom - 1 
Cinnamon stick - 1 inch
Cumin seeds - 1/2 tsp
Ginger -1/2 tbsp
Garlic - 1 tbsp
Onion -1/2 cup
Tomato -1/2 cup
Turmeric powder -1/2 tsp
Red chilli powder -1 tsp
Cumin powder - 1/2 tsp
Coriander powder - 1 tsp
Garam masala powder - 1/2 tsp
Green chilli - 2
Curd - 2 tbsp
Coriander leaves - 2 tbsp
Salt to taste
Cooking oil - 4 tbsp


कुकर में झटपट अंडा मसाला पुलाव बिना मेहनत के , egg recipe, kabitaskitchen, anda biryani recipe, how to make egg biryani, easy egg recipe, egg biryani recipe, kabitaskitchen recipe, anda biryani recipe, pressure cooker egg biryani recipe, how to make egg biryani in cooker, pressure cooker egg biryani recipe, best egg biryani recipe, rice recipe for lunch, one pot meal recipe, quick egg rice recipe, egg pulao recipe, कुकर में झटपट अंडा मसाला पुलाव कैसे बनाते है, कुकर में झटपट अंडा पुलाव कैसे बनाते है, Quick Egg Biryani in Cooker, प्रेशर कुकर में अंडा पुलाओ बनाने का आसान तरीका",
eSa0tsZS8Sg,हरे मटर का ठेले जैसा आलू टिक्की चाट सिर्फ २ चम्मच तेल में | Aloo Tikki Chaat | Ragda Chaat Kabita,https://www.youtube.com/watch?v=eSa0tsZS8Sg,405,20260131,"#alootikkichaatrecipe #matarchaat #streetfood #kabitaskitchen 

Preparation time - 30 minutes
Serving - 4

Ingredients:

For Ragda :
Green peas - 2 cups 
Garlic - 1 tbsp
Green chilli - 1 tbsp
Cumin seeds - 1 tsp
Turmeric powder - 1/2 tsp
Salt to taste

For Aloo Tikki :
Boiled potatoes - 3
Coriander powder -1/2 tsp
Cumin powder -1/2 tsp
Black pepper - 1/4 tsp
Chilli powder -1/2 tsp
Salt to taste

For Assembling :
Chopped onion
Chopped tomatoes
Chopped green chilli
Chopped coriander leaves
Chilli powder
Roasted cumin powder
Chaat masala
Green chutney
Tamarind chutney
Sev bhujiya 

हरे मटर का ठेले जैसा आलू टिक्की चाट सिर्फ २ चम्मच तेल में , kabitaskitchen recipe, matar chaat recipe, ragda chaat recipe, how to make matar chaat, easy chaat recipe, best chaat recipe, step by step ragda chaat recipe, streel style matar chaat, steel style ragda chaat recipe",
tNcl3y6s6wM,जब मैंने ये मटर का नाश्ता बनाया तो सबने जमकर खाया | Gujrati Matar Muthiya Recipe | Kabitaskitchen,https://www.youtube.com/watch?v=tNcl3y6s6wM,432,20260129,"#matarrecipe #muthiyarecipe #kabitaskitchen 

Preparation time - 45 minutes
Serving - 5

Ingredients:
Fresh Matar - 1.5 cups
Coriander leaves - 1/2 cup
Garlic cloves - 25 gram
Green chilli - 5 to 6
Ginger - 3 inch
Jowar flour -1 cup
Bajra flour - 1 cup
Besan (gram flour ) - 1/4 cup
Turmeric powder - 1/2  tsp
Red chilli powder - 1 tsp
Cumin powder -1/2 tsp 
Coriander powder -1/2 tsp
Black pepper powder - 1/2 tsp
Curd - 4 tbsp
Salt to taste

For tadka:
Cooking oil -2 tbsp
Mustard seeds - 1 tsp
Cumin seeds -1 tsp
Asafoetida - 1/3 tsp
Curry leaves - 15
Coriander leaves - 1/4 cup
Lemon juice - 2 tbsp

Gujrati Matar Muthiya Recipe, gujrati nashta recipe, healthy breakfast recipe, kabitaskitchen recipe, how to make matar muthiya, weight loss recipe, kabitaskitchen healthy recipe",
z9FW3l9Eua0,ये ब्रोकोली चीज़ पराठा मेरे बच्चो को बहुत पसंद आता है | Broccoli Cheese Paratha | Kabitaskitchen,https://www.youtube.com/watch?v=z9FW3l9Eua0,443,20260127,"#kabitaskitchen #broccoliparatha #healthybreakfastrecipe 

Preparation time - 30 minutes
Serving - 4

Ingredients:
Broccoli - 500 grams
Onion - 1/4 cup
Green chilli - 1 tbsp
Coriander leaves - 2 tbsp
Chilli flakes - 1 tsp
Mixed herbs - 1 tsp
Grated cheese - 1/2 cup
Salt to taste 
Ghee or oil for cooking

For dough -
Wheat flour - 2 cups
Salt - 1/2 tsp
Water

ये ब्रोकोली चीज़ पराठा मेरे बच्चो को बहुत पसंद आता है , broccoli cheese paratha recipe, kabiotaskitchen, healthy paratha recipe, cheese paratha recipe, broccoli recipe",
4PmZaIaeOMU,जब मैंने बथुआ से ऐसा दाल बनाया तो सबने ज्यादा खाया | Bathua Dal Recipe | Bathua Saag Recipe | Kabita,https://www.youtube.com/watch?v=4PmZaIaeOMU,446,20260124,"#bathuasaag #bathuarecipe #kabitaskitchen #daltadka #daltadkarecipe 

Preparation time - 45 mins
Serving - 6

Ingredients:
Mixed dal - 1 cup
Bathua saag - 500 grams
Onion - 1 cup
Tomato -1 cup
Garlic cloves - 12
Bay leaves - 2
Cinnamon stick -  2 inch
Black Caradmom - 2
Cumin seeds - 1/2 tsp
Turmeric powder - 1/2 tsp
Red chilli powder -1.5 tsp
Coriander powder -1 tsp
Cumin powder -1/2 tsp
Balck pepper powder -1/3 tsp
Garam masala -1/2 tsp
Ghee - 2 tbsp
Cooking oil - 3 tbsp
Salt to taste

Bathua ka dal kaise banate hai, bathua recipe, bathua dal recipe, how to make bathua saag, dhaba style dal tadka, Restaurent style dal tadka, dal fry recipe, dal tadka kabitaskitchen, bathua dal kabitaskitchen, ढ़ाबा जैसा दाल तड़का बथुआ और मिक्स दाल के साथ हेल्दी तरीके से, Bathua Dal Recipe, जब मैंने बथुआ से ऐसा दाल बनाया तो सबने ज्यादा खाया",
iI7cOBgadi8,जब मैंने ये मटर की ख़स्ता पूरी और सब्ज़ी बनायीं तो सबने दुबारा खाया | Matar Kachori by Kabitaskitchen,https://www.youtube.com/watch?v=iI7cOBgadi8,633,20260122,"#matarpoori #matarkachorirecipe #kabitaskitchen 

Preparation time - 45 mins
Serving - 5

Ingredients:

Matar Poori :
Fresh Matar -  1.5 cups
Spinach - 1 cup
Coriander leaves - 1/2 cup
Green chilli -  4
Garlic cloves - 6
Ginger - 2 inch
Wheat flour - 2 cups
Semolina - 1/4 cup
Black pepper - 1/2 tsp
Salt to taste

Aloo tamatar ki sabzi :
Boiled potatoes - 3 
Tomato - 1 
Green chilli - 2 
Ginger 
Turmeric powder -1/2 tsp
Red chilli powder - 1 tsp
Coriander powder -1/2 tsp
Cumin powder -1/2 tsp
Black pepper powder -1/3 tsp
Cooking oil - 2 tbsp
Salt to taste



ताज़े मटर की खस्ता पूरी और रस्से वाली आलू टमाटर की सब्ज़ी, matar ki poori recipe, matar ki kachori recipe, kabitaskitchen recipe, how to make matar kachori recipe, best matar ki kachori recipe, step by step matar ki poori, easy matar kachori recipe, easy matar poori recipe, जब मैंने ये मटर की ख़स्ता पूरी और सब्ज़ी बनायीं तो सबने दुबारा खाया",
yku5UblwUZQ,हरे चने की बेहतरीन सब्ज़ी कुकर में जिसे खाकर सब तरीफ करेंगे | Chana Masala Recipe | Hara Chana Recipe,https://www.youtube.com/watch?v=yku5UblwUZQ,291,20260120,"#harachana #greenchana #chanamasala #kabitaskitchen #kabitaskitchenrecipes 

Preparation time - 40 minutes
Serving - 5

Ingredients:
Fresh green chana - 2 cups
Onion - 1/2 cup
Tomato - 2 (large)
Ginger - 2 inch
Garlic cloves - 12 
Coriander leaves - 1/4 cup
Cumin seeds - 1/2 tsp
Black cardamom - 1
Bay leave - 1
Cinnamon stick - 1 inch
Turmeric powder -1/2 tsp
Red chilli powder -2 tsp
Coriander powder - 1 tsp
Cumin powder -1/2 tsp
Garam masala - 1/2 tsp
Black pepper powder - 1/3 tsp
Salt to taste
Cooking oil - 4 tbsp

Hara chana masala, हरे चने की बेहतरीन सब्ज़ी कुकर में जिसे खाकर सब तरीफ करेंगे, Chana Masala Recipe, chana masala recipe, kabitaskitchen, chana masala kaise banate hai, chana curry in pressure cooker, best chana masala recipe, step by step chana masala recipe, how to make green chana curry",
zq9ttT5V8kI,रबड़ी जैसी गाजर की खीर जिसे खाने के बाद सब आपकी तारीफ करेंगे | Gajar Ki Kheer Recipe | Kabitaskitchen,https://www.youtube.com/watch?v=zq9ttT5V8kI,284,20260117,"#gajarkikheer #gajarrecipes #dessrt #kabitaskitchen 

Preparation time - 40 mins
Serving - 5

Ingredients:
Carrot - 250 grams
Milk -1 litre
Ghee - 4 tbsp
Condensed milk or sugar -1/4 cup
Cardamom powder - 1/2 tsp
Cashews - 2 tbsp
Almonds - 2 tbsp

gajarki kheer recipe, gajar ka halwa recipe, carrot recipe, गाजर की स्वादिस्ट खीर जिसे खाने के बाद सब आपकी तारीफ करेंगे, रबड़ी जैसी गाजर की खीर जिसे खाने के बाद सब आपकी तारीफ करेंगे",
kRwXoL5u0_U,गोभी के मज़ेदार पराठे वो भी बिना फटे ऐसे बनाये | Gobhi Paratha Recipe | Gobhi Paratha Kabitaskitchen,https://www.youtube.com/watch?v=kRwXoL5u0_U,369,20260115,"#GobhiParatha #ParathaRecipe #WinterRecipes #GobhiKaParatha #KabitasKitchen #CookingTips

Do your Gobhi Parathas always tear or get soggy? Not anymore! In this video, In this video I have shared the secret tips and tricks to making the perfect, crispy, and fully stuffed Gobhi Paratha that will never burst or break.

Making Gobhi Ka Paratha (गोभी के पराठे) can be tricky because cauliflower releases water. We show you a simple method to prep the stuffing so it stays dry, flavorful, and easy to roll. Whether you are a beginner or looking to perfect your paratha skills, this step-by-step recipe is all you need for a delicious winter breakfast!

🌟 Why this is the BEST Gobhi Paratha Recipe:
No-Tear Guarantee: Learn the technique to keep the stuffing inside.
Perfect Texture: Crispy on the outside, soft and spicy on the inside.
Quick & Easy: No complicated steps, just pure traditional taste.
Winter Special: The ultimate comfort food for cold mornings!

Ingredients :
Gobi - 1 medium size
Green chili
Ginger 
Garlic
Coriander leaves
Black pepper 
Red chili powder
Salt to taste
Aam chur powder
Aata - 2 cup
Salt - 1 tsp
Oil - 2 tsp
Water as required

इस तरीके से गोभी के पराठे नहीं फटेंगे और बहुत Tasty बनेंगे, Gobhi Paratha Recipe, kabitaskitchen, गोभी के मज़ेदार पराठे वो भी बिना फटे ऐसे बनाये",
WtBXxZ1PIQg,हाई प्रोटीन डोसा बस 15 मिनट में ना घंटो भिगोना ना फरमेंट करना | MASOOR DAL DOSA | Red lentil Dosa,https://www.youtube.com/watch?v=WtBXxZ1PIQg,502,20260113,"#highproteinbreakfast #highprotiendosa #redlentildosa #masoordaldosa #kabitaskitchen #healthybreakfastrecipe 

Preparation time - 30 minutes
Serving - 4

Ingredients :
For Dosa:
Masoor Dal -1 cup
Garlic cloves - 12
Green chilli -4
Salto to taste
Onion 
Tomato
Coriander leaves
Peri peri masala (optional)
Oil or ghee

For Chutney :
Coriander leaves -1 cup
Roasted chana dal -1/4 cup
Green chilli - 4
Garlic cloves - 10
Lemon juive - 1 tbsp
Salt to taste
Water

हाई प्रोटीन डोसा बस 15 मिनट में ना घंटो भिगोना ना फरमेंट करना, Healthy Dosa Recipe, masoor dal dosa, kabitaskitchen dosa recipe, instant dosa recipe, easy recipe, kabitaskitchen dosa recipe, easy recipe, how to make masoor dal dosa, quick dosa recipe, no ferment dosa recipe",
8C7Vpp6LtX0,Champaran Mutton Recipe | चंपारन मटन कैसे बनाते है | Village style Dum Handi Mutton | Mutton Recipe,https://www.youtube.com/watch?v=8C7Vpp6LtX0,497,20260110,"#kabitaskitchen #champaranmutton #muttoncurry #kabitaskitchen 

Preparation time - 90 minutes
Serving - 5

Ingredients:
Mutton - 700 grams
Onion - 500 grams
Ginger Garlic paste - 2 tbsp
Bay leaves - 4
Black cardamom - 3
Cinnamon stick - 2 inch
Black peppers - 12
Dry red chilli - 4
Mace (javitri ) - 1 flower
Turmeric powder -1 tsp
Kashmiri chilli powder - 2 tbsp
Coriander powder -2 tsp
Cumin powder - 1 tsp
Black pepper powder -1/3 tsp
Ghee - 3 tbsp
Mustard oil - 1 cup
Salt to taste

चंपारन मटन कैसे बनाते है, Champaran Mutton Recipe, Village style Dum Handi Mutton, handi mutton recipe, ahuna mutton recipe, kabitaskitchen recipe, mutton recipe kabitaskitchen , best mutton recipe, how to make champaran mutton, easy mutton recipe",
u4PctX7QSeo,Spicy Matar Sandwich Recipe | ऐसा सैंडविच आपने पहले नहीं बनाया होगा | Sandwich Recipe Kabitaskitchen,https://www.youtube.com/watch?v=u4PctX7QSeo,364,20260108,"#matarsandwich #kabitaskitchen 

Preparation time - 30 minutes
Serving - 4

Ingredients :
For stuffing -
Fresh green peas - 1 cup
Green chilli - 4
Garlic cloves - 8

For Green chutney:
Coriander leaves - 1 cup
Garlic cloves - 10
Green chilli - 3 to 4
Roasted chana dal - 4 tbsp
Lemon juice - 1 tsp
Salt to taste
Water

For assembling :
Bread Slices - 4
Cheese slices - 2
Butter - 1 tbsp

ऐसा सैंडविच आपने पहले नहीं बनाया होगा, spicy matar sandwich, kabitaskitchen, kabitaskitchen recipe, sandwich recipe, how to make veg grilled sandwich, veg sandwich recipe, best sandwich recipe, sandwich recipe, tiffin sandwich recipe",
HgUKquM11Ok,हेल्दी वेज सूप बिना कॉर्नफ्लोर और Sauce के | Healthy Vegetable Soup Recipe | Veg Soup Recipe Kabita,https://www.youtube.com/watch?v=HgUKquM11Ok,305,20260106,"#vegsouprecipe #winterspecial #kabitaskitchen 

Preparation time - 20 mins
Serving - 4

Ingredients:
Onion
baby corn
Mushroom
Broccoli
Mushroom
Carrot
Cabbage
Garlic
Ginger
French beans
Red pepper
Yellow pepper
Salt to taste
Butter 
Wheat flour

 हेल्दी वेज सूप बिना कॉर्नफ्लोर और Sauce के, Healthy Vegetable Soup Recipe, how to make healthy vegetable soup, soup recipe kabitaskitchen, step by step soup recipe, soup recipe without corn flour, step by step vegetable soup recipe",
6V0l53Im2J4,मूली का पराठा एक बार इस तरीके बना कर देखिये | Mooli ka Paratha Recipe | Mooli Paratha Kabitaskitchen,https://www.youtube.com/watch?v=6V0l53Im2J4,245,20260103,"#mooliparatharecipe #moolirecipe #kabitaskitchen 

Preparation time - 45 minutes
Serving - 4

Ingredients:
Radish (mooli) - 500 grams
Wheat flour - 2 cups
Ginger - 1 tsp
Garlic - 1 tsp
Coriander leaves - 2 tbsp
Black pepper - 1/2 tsp
Red chilli powder - 1/2 tsp
Cooking oil 
Salt to taste

मूली का पराठा एक बार इस तरीके बना कर देखिये, Mooli ka Paratha Recipe, Mooli Paratha Kabitaskitchen, easy paratha recipe, kabitaskitchen paratha recipe, mooli ka paratha kaise banate hai",
Ww9Vublbi-4,नूडल वाला मज़ेदार सूप | Veg Thukpa Soup Recipe | Veg Noodle Soup Recipe | Veg Thukpa | Kabitaskitchen,https://www.youtube.com/watch?v=Ww9Vublbi-4,353,20260101,"#vegthukparecipe #thukpa #thukparecipe #kabitaskitchen 

Preparation time - 30 mins
Serving - 2 to 3

Ingredients :
Noodles - 1 small pack
Onion - 1/4 cup
Garlic - 1 tbsp
Ginger -1 tsp
Broccoli - 1/2 cup
Carrot - 1/2 cup
Red pepper -1/4 cup
Yellow pepper -1/4 cup
Mushroom -1/4 cup
French beans -1/4 cup
Cabbage -1/4 cup
Baby corn - 1/4 cup
Coriander powder - 1/2 tsp
Cumin powder - 1/2 tsp
Black pepper -1/2 tsp
Green chilli sauce -1 tbsp
Tomato ketchup -1 tbsp
Cooking oil - 2 tbsp
Salt to taste

For tadka :
Garlic chopped -1 tbsp
Red chilli powder -1/2 tsp
Cooking oil - 1 tbsp
Gochujung paste - 1 tsp (optional)

नूडल वाला मज़ेदार सूप , Veg Thukpa Soup Recipe, Veg Noodle Soup Recipe, Veg Thukpa, healthy soup recipe, weight loss recipe, weight loss soup recipe, best soup recipe, soup recipe kabitaskitchen",
24Blp2T63Gs,Bombay Sandwich Recipe | बॉम्बे सैंडविच कैसे बनाते है | Kabitaskitchen,https://www.youtube.com/watch?v=24Blp2T63Gs,461,20251230,"#bombaysandwich #streetfood #kabitaskitchen 

Preparation Time - 30 mins
Serving - 4


Ingredients:
Green chutney:
Coriander leaves - 1/2 cup
Green chili 
Ginger
Garlic 
Lemon juice 
Chana dal
Turmeric powder
Mint leaves - 1/4 cup
Salt to taste 
Oil - 2 tbsp
Cumin seeds - 1/2 tsp
Ginger garlic and green chili crush 
Turmeric powder
Boiled potatoes
Salt to taste 
Black pepper - 1/3 tsp
Chat masala - 1/2 tsp
Lemon juice - 1 tbsp
Coriander leaves 
Butter 
Onion 
Tomato
Cucumber
Capsicum
Beetroot
Chat masala
Nylon sev",
lO1k7M4CLa4,तंदूरी वेज प्लैटर आसान तरीके से | Tandoori Veg platter recipe | Veg Starter Recipe | Kabitaskitchen,https://www.youtube.com/watch?v=lO1k7M4CLa4,530,20251229,"#vegplatter #kabitaskitchen #vegstarters 
Ingredients :
Baby potato - 4 to 5
Paneer - 200 gram
Mushroom - 100 gram
Soya chap - 100 gram
Red pepper - 1/4 cup
Yellow pepper - 1/4 cup
Broccoli - 1/2 cup

Paneer marination :
Curd - 3 tbsp
Ginger garlic paste - 1/2 tsp
Tandoori masala - 1 tsp
Turmeric - 1/2 tsp
Kashmiri red chili powder - 1/2 tsp
Black pepper - 1/4 tsp
Mustard oil - 1 tsp
Besan - 1/2 tbsp
Salt to taste

Vegetable marination :
Curd - 1/2 cup
Besan - 1 Tbsp
Tandoor- masala - 1 tsp
Red chili powder - 1.5 tsp
Cumin powder - 1/2 tsp
Coriander powder - 1/2 tsp
Garam masala - 1/2 tsp
Mustard oil - 1/2 tbsp
Salt to taste
Ginger garlic paste - 1/2 tsp
Kasuri methi - 1/4 tsp


New year पर बनाये तंदूरी वेज प्लैटर आसान तरीके से, Tandoori Veg platter recipe, veg starter recipe, kabitaskitchen recipe, how to make veg platter, best party platter recipe, kabitaskitchen recipe",
RrL25deVKSo,आलू मटर की बेहतरीन सब्ज़ी जिसे खाकर सब तारीफ करेंगे | Aloo Matar ki Sabzi | Aloo Matar Kabitaskitchen,https://www.youtube.com/watch?v=RrL25deVKSo,348,20251227,"#aloomatar #kabitaskitchen 

Preparation time - 30 mins
Serving - 5

Ingredients:
Potato - 4
Fresh Green peas - 500 grams
Garlic cloves - 25 grams
Green chilli - 4
Ginger - 2 inch
Cumin seeds -1 tsp
Bay leaves - 2
Hing - 1/2 tsp
Onion - 1/2 cup
Tomato -1 cup
Turmeric powder -1/2 tsp
Red chilli powder -2 tsp
Coriander powder -1 tsp
Cumin powder -1/2 tsp
Black pepper -1/3 tsp
Garam masala -1/2 tsp
Cooking oil - 4 tbsp
Salt to taste

aloo matar ki sabzi, matar ki sabzi, aloo matar ki sabzi, matar ki sabzi kaise banate hai, best aloo matar recipe, kabitaskitchen recipe, aloo matar ki sabzi kaise banate hai, matar aloo recipe, recipe by kabita, matar ki sabzi, matar ki sabzi recipe, ताज़े हरे मटर और आलू की बेहतरीन सब्ज़ीआलू मटर की बेहतरीन सब्ज़ी जिसे खाकर सब तारीफ करेंगे",
qZNKIuYjiEE,मेथी मूंगफली की ऐसे सब्ज़ी जिसे बच्चे भी ज़िद करके खाएंगे | Methi Peanut Sabzi | Methi ki sabzi Kabita,https://www.youtube.com/watch?v=qZNKIuYjiEE,315,20251225,"#methikisabji #methirecipe #kabitaskitchen 

Ingredients :
Methi - 500 gram 
Peanut - 1 cup
Oil - 4 tbsp
Garlic - 25 gram 
Green chilli - 2
Onion - 1/2 cup
Salt to taste 
Turmeric powder - 1/2 tsp
Garam masala - 1/2 tsp
Cooking oil - 4 tbsp

Methi ki sabzi, methi bhaji, kabitaskitchen recipe, easy methi sabzi, healthy sabzi recipe, winter special sabzi recipe, methi ki sabzi kaise banate hai, best methi leaves recipe",
pGLOkQY89zU,आवंला का मुरब्बा कैसे बनाते है - Meri Maa ki amla ke murabbe ki recipe - Amla Murabba Kabitaskitchen,https://www.youtube.com/watch?v=pGLOkQY89zU,482,20251223,"#kabitaskitchen  #AmlaMurabba #WinterSpecial #ImmunityBooster #HealthyRecipes #AmlaRecipe #TraditionalRecipe

सर्दियों की खास रेसिपी - बिना फिटकरी और बिना किसी कड़वाहट के बनायें रसीला आंवला मुरब्बा
Winter is finally here, and fresh Amlas (Indian Gooseberries) are back in the market! Today, I am sharing my Mother-in-law’s Special Amla Murabba Recipe. This is a traditional, time-tested recipe that ensures your Murabba turns out soft, juicy, and exactly like a Gulab Jamun.

Amla is packed with Vitamin C and is incredible for boosting immunity. In this video, I’ve shared all the secret tips and tricks to ensure there is no bitterness and that your Murabba lasts for months without spoiling.

You may buy blue heaven products shown in the video from Zepto : https://www.zepto.com/pn/blue-heaven-matte-love-long-lasting-hydrating-mini-lipsticks/pvid/b613076a-5e7b-4248-895d-5263de719157

✅ Highlights of this Recipe:
- Traditional Taste: The authentic flavor passed down from my mother-in-law.
- Long Shelf Life: Make it once and enjoy it all year round.
- Health Benefits: A boon for your eyes, hair, and digestion.",
jGfhSOEcS5g,बिना मैदा चीनी और बटर के हेल्दी केक | Dark Chocolate Orange Cake | Chocolate Cake | Kabitaskitchen,https://www.youtube.com/watch?v=jGfhSOEcS5g,519,20251220,"#christmas #chrsitmascake #kabitaskitchen 

Preparation time - 60 mins
Ingredients:
Wheat flour - 2 cups 
Egg - 4
Maple syrup - 1/2 cup
Ghee - 1/4 cup
Orange juice - 1/4 cup
Vanilla essence - 1 tsp
Baking powder -1 tsp
Melted dark chocolate -1/2 cup
Orange zest -1 tbsp
Salt - 1 pinch
Mixed berries - 4 tbsp

Orange cake, dark chocolate cake, chocolate cake recipe, kabitaskitchen recipe, christmas cake recipe, hot to make aata cake, best cake recipe, healthy cake recipe, healthy cake recipe, बिना मैदा चीनी और बटर के हेल्दी केक",
id94HmDI-xg,इस तरीके से मटर के पराठे नहीं फटेंगे और बहुत Tasty बनेंगे | Matar Paratha Recipe | kabitaskitchen,https://www.youtube.com/watch?v=id94HmDI-xg,354,20251218,"#matarparatharecipe #kabitaskitchen 

Ingredients:
For stuffing:
Matar -1 .5 cups
Green chilli - 6
Garlic cloves - 18 to 20 cloves
Salt -1.5 tsp
Black pepper powder -1/2 tsp

For paratha 
Aata -  2 cup
Salt - 1/2 tsp
Water",
_Xsok4pFRQg,Mini Pizza & Potato Wedges | मिनी पिज़्ज़ा और पोटेटो वेजेस | Party Starter Recipe Idea |Kabitaskitchen,https://www.youtube.com/watch?v=_Xsok4pFRQg,361,20251215,"Foer #breadpizzarecipe #potatowedgesrecipe #kabitaskitchen 

Preparation time :
Serving - 2

Ingredients :
For Mini Pizza

Bread Slices - 4
Onion 
Red pepper, yellow pepper, green pepper
Chilli flakes
Mixed herbs
Tomato kethcup
Schezwan Chutney
Mozzarella Cheese 

For Potato wedges 
Potato - 2
Peri peri masala -1/2 tsp
Black pepper - 1/3 tsp
Peri peri masala - 1 tsp
Olive oil - 2 tbsp
Salt to taste

Bread pizza recipe, potato wedges recipe, kabitaskitchen, easy party starter recipe, potato wedges recipe, mini pizza recipe, kabitaskitchen recipe, kabitaskitchen pizza recipe, french fries recipe, Mini Pizza & Potato Wedges",
Ypc6ikZbTJQ,हाई प्रोटीन ब्रेकफास्ट जो वेट लॉस में हेल्प करे - Kala Chana Uthappam Recipe - KabitasKitchen,https://www.youtube.com/watch?v=Ypc6ikZbTJQ,268,20251213,"#kabitaskitchen  #KalaChanaUthappam #HighProteinBreakfast #WeightLossRecipes #HealthyBreakfast 

In this recipe video, I have shown step by recipe to make Uthappam from Kala Chana, a high-protein, high-fiber, and utterly delicious breakfast option! This recipe is a fantastic way to start your day feeling full and energetic. If you are trying to cut carbs or boost your protein intake, this Black Chickpea Uthappam is a game-changer! It's super easy to make and perfect for the whole family.

High Protein & High Fiber Benefits:
- Weight Loss Friendly: High protein and fiber keep you full for longer, reducing overall calorie intake.
- Rice-Free: A great low-carb alternative to traditional rice-and-dal uthappam.
- Iron Rich: Kala chana (black chickpeas) are packed with iron and essential nutrients.
- Gut Health: The high fiber content supports healthy digestion.


Ingredients :
Black chana - 1/2 cup
Garlic - 10 
Green chili - 3
Ginger - 2 inch 
Cumin seeds - 1 tsp
Salt to taste
Water - as required 
Baking soda - 1/8 tsp
Oil 
Onion 
Tomato 
Green chili
Coriander leaves 





हाई प्रोटीन ब्रेकफास्ट जो वेट लॉस में हेल्प करे, Kala Chana Uthappam Recipe, KabitasKitchen",
ve7gH5QOUbw,मटर का हेल्दी नाश्ता सिर्फ एक चम्मच तेल में | Matar ka Fara Recipe | Fara Recipe by Kabitaskitchen,https://www.youtube.com/watch?v=ve7gH5QOUbw,442,20251211,"#fararecipe #matarrecipe #biharifararecipe #winterspecialrecipe 

Preparation time -  45 minutes
Serving - 5

Ingredients:

For dough :
Wheat flour - 2 cups
Salt - 1 tsp
Water 

For stuffing:
Matar -1 .5 cups
Green chilli - 6
Garlic cloves - 18 to 20 cloves
Salt -1.5 tsp
Black pepper powder -1/2 tsp

For tadka:
Cooking oil - 2 tbsp
Sesame seeds - 2 tsp
Hing - 1/3 tsp
Chilli powder -1 tsp
Turmeric powder -1/2 tsp
Salt 

मटर का हेल्दी नाश्ता सिर्फ एक चम्मच तेल में, matar ka nasta recipe, dal ke fare, dal ka fara kaise banate hai , easy dal fara recipe, best fara recipe, kabitaskitchen recipe, how to make fara, bihari gojha recipe, hare matar ka nasta , step by step fara recipe, easy matar recipe, kabitaskitchen matar recipe, kabitaskitchen fara recipe",
mUg1R2GU73A,होटल जैसा गोभी मंचूरियन बनाने का आसान तरीका | Gobi Manchurian | Veg Manchurian Recipe Kabitaskitchen,https://www.youtube.com/watch?v=mUg1R2GU73A,253,20251209,"#manchurian #vegmanchurian #kabitaskitchen #gobimanchurian 

Preparation time - 30 minutes
Serving - 4

Ingredients:
Cauliflower - 400 gram
Maida - 3 tbsp
Corn flour - 3 tbsp 
Black pepper - 1 tsp
Chilli powder - 1 tsp
Schezwan chutney - 2 tbsp
Garlic - 1 tbsp
Ginger - 1 tsp
Onion - 1/4 cup 
Capsicum - 1/4 cup 
Green chilli - 3 to 4
Soy sauce - 2 soy sauce 
Tomato ketchup - 2 tbsp
Chilli sauce - 1 tbsp
Vinegar - 1 tbsp
Spring onion for garnish
Cooking oil 
Salt to taste

होटल जैसा गोभी मंचूरियन बनाने का आसान तरीका, gobhi manchurian recipe, recipe by kabita, cauliflower manchurian recipe, gobhi ka nasta, manchurian kaise banate hai, best manchurian recipe",
mBYPkoFxMvM,शादियों वाला गाजर का हलवा सिर्फ दूध घी चीनी से | Gajar Ka Halwa Recipe | Gajar Halwa Kabitaskitchen,https://www.youtube.com/watch?v=mBYPkoFxMvM,379,20251206,"#gajarkahalwa #kabitaskitchen #carrothalwarecipe 

Preparation time - 90 minutes
Serving - 6 to 7

Ingredients :
Carrot - 2 kgs
Ghee - 1/2 cup
Sugar - 3/4 cup
Cardamom powder -1/3 tsp
Mixed dry fruits - 1/2 cup
Milk - 1000 ml

शादियों वाला गाजर का हलवा सिर्फ दूध घी चीनी से, carrot halwa recipe, gajar ka halwa kaise banate hai, winter special kabitaskitchen, easy gajar ka halwa recipe, step by step kabitaskitchen, kabitaskitchen gajar ka halwa recipe",
VgF53Kqvjdg,एकदम पंजाबी स्टाइल सरसो का साग सिंपल तरीके से | Punjabi Sarson da Saag Recipe | Saag Kabitaskitchen,https://www.youtube.com/watch?v=VgF53Kqvjdg,386,20251204,"#kabitaskitchen #sarsokasaag #punjabisarsokasaag 

Preparation time - 45 mins
Serving - 6

Ingredients:
Sarso ka saag - 500 grams
Palak - 500 grams
Bathua - 500 grams 
Garlic - 25 cloves
Ginger - 3 inch
Green chilli - 5
Maize flour - 3 tbsp
Ghee - 1/4 cup
Onion - 1 cup
Kashmiri red chilli powder -1 tsp
Salt to taste

एकदम पंजाबी स्टाइल सरसो का साग सिंपल तरीके से, sarso ka saag recipe, kabitaskitchen recipe, dhaba style sarso ka saag recipe, punjabi sarson da saag recipe, how to make sarso ka saag, sarso ka saag kabitaskitchen, best sarso ka saag recipe, step by step sarso ka saag recip",
EpgxtVYTFo4,गाजर मिर्ची का झटपट अचार बिना धूप वाला | Gajar Mirchi ka Achar Recipe | Pickle by Kabitaskitchen,https://www.youtube.com/watch?v=EpgxtVYTFo4,233,20251202,"#kabitaskitchen #gajarmirchikaachar #winterspecial 

Ingredients:
Green chilli - 50 gm
Carrot - 400 gram
Yellow mustard seeds - 1/4 cup
Coriander powder - 2 tbsp
Cooking oil - 4 to 5 tbsp
Turmeric powder -1 tsp
Lemon juice - 2 lemon
Hing - 1/2 tsp
Salt to taste 

गाजर मिर्ची का झटपट अचार बिना धूप वाला, Gajar Mirchi ka Achar Recipe, instant pickle recipe, kabitaskitchen gajar ka achar recipe, best achar recipe, easy achar recipe, kabitaskitchen gajar ka achar recipe,",
dV6Kaz3vpRc,लौकी की हेल्दी नाश्ता वो भी सिर्फ 2 चम्मच तेल में | Healthy Breakfast recipe | Louki Kabitaskitchen,https://www.youtube.com/watch?v=dV6Kaz3vpRc,248,20251129,"#healthybreakfastrecipe #kabitaskitchen #loukirecipe 
Ingredients:
Rawa - 1 cup
Curd - 1/2 cup
Water - 1/2 cup
Lauki - 1 small
Onion - 1/2 cup
Capsicum - 1/2 cup
Green chili - 2 tbsp
Coriander leave - 1/4 cup
Water - 1/2 cup
Eno - 1/4 tsp
Salt to taste
Oil - 2 tbsp
Mustard seeds - 1/2 tsp
Sesame seeds - 1 tsp
Curry leaves - 5 to 6",
_MkbzvbZL0s,Veg Thai Curry Recipe - वेज थाई करी रेसिपी - How to make Veg Thai Curry - Thai Curry Kabitaskitchen,https://www.youtube.com/watch?v=_MkbzvbZL0s,479,20251127,"#kabitaskitchen #vegthaicurryrecipe #Thaicurryrecipe

Craving that creamy, aromatic, restaurant-style Thai Curry? Now you can make the BEST Veg Thai Curry right in your kitchen! I this recipe video I have shown simplest, yet most authentic वेज थाई करी रेसिपी (Veg Thai Curry Recipe) that is bursting with flavours and color.

In this video, I have covered everything you need to know, from making the perfect Thai Curry Paste (or the best store-bought option) to achieving that beautiful balance of sweet, sour, salty, and spicy. This recipe is naturally Gluten-Free and easily customisable with your favorite vegetables.

Learn the secrets to cooking with coconut milk to get that rich, velvety texture that rivals any Thai restaurant!

🌟 Highlights of this Thai Curry Recipe:
- Authentic Taste: I have used traditional ingredients to capture the true Thai flavor profile.
- Restaurant Style: Impress your family and friends with this high-quality dish.
- Easily Customizable: Perfect for using up your favorite veggies (broccoli, mushrooms, bell peppers, etc.).

Simple Steps: Detailed, step-by-step guidance perfect for beginners.

Ingredients :
Vegetable - 
Onion - 1/2 cup
Red capsicum - 1/4 cup
Green capsicum - 1/4 cup
Zucchini - 1/2 cup
Mushroom - 1/2 cup
Broccoli - 1/4 cup
Carrot - 1/4 cup
Coriander seeds - 2 tbsp
Cumin seeds - 1 tbsp
Black pepper - 1 tsp
Lemon grass - 1/5 cup
Onion - 1/4 cup
Bird eye chili - 6
Thai ginger - 2 inch 
Kaffir lime leave - 1 
Garlic - 10 to 12
Coriander steam - 1/5 cup
Oil - 4 tbsp
Coconut milk - 1 cup
Water - 2 cup
Salt to taste
Black pepper - 1/2 tsp
Thai basil - 1/2 cup",
